parcel merge (total),find nearest,build graphs,create comm,resolve graphs,MPI allreduce,MPI RMA put,MPI RMA get,MPI RMA sync
 2.5187886659994092E+000, 2.4495975660011027E+000, 6.2869006500045543E-001, 4.3711310000617232E-002, 1.9618087609992472E+000, 4.4056527700058723E-001, 8.0891658501627717E-001, 3.4901798202849932E-001, 1.4047522759951789E+000
 2.5395002510010727E+000, 2.4694098790002954E+000, 6.4955673800045588E-001, 4.3370771001491448E-002, 1.9592103670011056E+000, 4.4060915999853023E-001, 8.1118044099434883E-001, 3.5093983299952924E-001, 1.4030796220015418E+000
 2.5186732749966723E+000, 2.4486742910005432E+000, 6.2757334799994169E-001, 4.3421204999503971E-002, 1.9611348970031486E+000, 4.4072457399806808E-001, 8.1103958397079623E-001, 3.5119977701788230E-001, 1.4034923580018130E+000
 2.5160498339998867E+000, 2.4462961500014444E+000, 6.2627155899986064E-001, 4.3572133000225222E-002, 1.9595171220014436E+000, 4.4065485800115312E-001, 8.0720117097689581E-001, 3.4907385500332566E-001, 1.4029556340033196E+000
 2.5279062560005059E+000, 2.4592624659994726E+000, 6.2494548899917390E-001, 4.3921848999389113E-002, 1.9735834489988520E+000, 4.4306697800402617E-001, 8.1213894400548270E-001, 3.5052654103628811E-001, 1.4153968529938084E+000
