parcel merge (total),find nearest,build graphs,create comm,resolve graphs,MPI allreduce,MPI RMA put,MPI RMA get,MPI RMA sync
 7.3332063962997381E+001, 7.0825449621000416E+001, 1.3566868436002324E+001, 0.0000000000000000E+000, 6.7038737452000305E+001, 1.4095331832997545E+001, 2.5963541369100540E+001, 1.0060428133024743E+001, 5.2943787180001891E+001
 7.3104870887001653E+001, 7.0615654774002451E+001, 1.3349355001999811E+001, 0.0000000000000000E+000, 6.7026957073001540E+001, 1.4091113413991479E+001, 2.5950009201719240E+001, 1.0064039336010410E+001, 5.2936367884984975E+001
 7.3125589319000028E+001, 7.0619257205997201E+001, 1.3001185500000702E+001, 0.0000000000000000E+000, 6.7397838003999368E+001, 1.4177074615993661E+001, 2.5884099890825382E+001, 1.0054435252641269E+001, 5.3221048058004726E+001
 7.2855820843001766E+001, 7.0355958829000883E+001, 1.2998588645997188E+001, 0.0000000000000000E+000, 6.7128171838999606E+001, 1.4107614820008166E+001, 2.5982855479234786E+001, 1.0065526011885140E+001, 5.3021263438003189E+001
 7.3024816304002343E+001, 7.0529127686001175E+001, 1.3134582864002368E+001, 0.0000000000000000E+000, 6.7159147128000768E+001, 1.4092082472006041E+001, 2.5947826050407457E+001, 1.0062769821339771E+001, 5.3067410799981189E+001
