parcel merge (total),find nearest,build graphs,create comm,resolve graphs,MPI allreduce,MPI RMA put,MPI RMA get,MPI RMA sync
 3.3101760329984700E+000, 3.1735592870011260E+000, 9.6261270499917373E-001, 0.0000000000000000E+000, 2.6285976089984615E+000, 5.6002818900492457E-001, 1.0470702740251454E+000, 4.4805419200224605E-001, 2.0685143310038256E+000
 3.2455094819997612E+000, 3.1101243690002320E+000, 9.0837159399916345E-001, 0.0000000000000000E+000, 2.6198681779997059E+000, 5.5623199399883561E-001, 1.0426615099881928E+000, 4.4453825800451341E-001, 2.0634537900084524E+000
 3.2409364580000783E+000, 3.1042576160004955E+000, 9.0581098899906465E-001, 0.0000000000000000E+000, 2.6145889009974326E+000, 5.5421237700056736E-001, 1.0391797929748918E+000, 4.4366332899130612E-001, 2.0601681050061416E+000
 3.2451287980018151E+000, 3.1062683600014225E+000, 9.0883165900072527E-001, 0.0000000000000000E+000, 2.6143075999991652E+000, 5.5362815099965701E-001, 1.0398888089312095E+000, 4.4360725201090645E-001, 2.0604893839936267E+000
 3.2383570809997764E+000, 3.1022526329988978E+000, 9.0667992800104003E-001, 0.0000000000000000E+000, 2.6117614090021561E+000, 5.5386652200058961E-001, 1.0403120580322138E+000, 4.4409153099400100E-001, 2.0577403910037901E+000
