parcel merge (total),find nearest,build graphs,create comm,resolve graphs,MPI allreduce,MPI P2P put,MPI P2P get,MPI P2P sync,MPI graph info
 8.9230883380005253E+000, 8.6079835070001991E+000, 3.2275940969998373E+000, 3.6982067099825144E-001, 6.9903450299987071E+000, 4.0465806129973316E+000, 3.4059035810309979E-001, 1.2908017108406966E-001, 3.2019911319821404E+000, 1.0863757079996503E+000
 8.9238383730007627E+000, 8.6057051569994201E+000, 3.2159500159993968E+000, 3.7173933200165266E-001, 7.0009412260005774E+000, 4.0513677699971140E+000, 3.3939923279103823E-001, 1.2932856309885210E-001, 3.1970616549958777E+000, 1.0889103500010151E+000
 8.9244263750001664E+000, 8.6208634410008926E+000, 3.2193319379989589E+000, 3.6974385999883452E-001, 6.9948090200014121E+000, 4.0548311899865439E+000, 3.3914732877792630E-001, 1.2893349716659941E-001, 3.2129594509933668E+000, 1.0870782559982217E+000
 8.9711032620002698E+000, 8.6477669799992327E+000, 3.2464597410025817E+000, 3.6825098299868841E-001, 7.0085027050004101E+000, 4.0631281489922912E+000, 3.3989155404515259E-001, 1.2862311010758276E-001, 3.2093498930021269E+000, 1.0875502910007526E+000
 8.9157095740001751E+000, 8.5937179400016248E+000, 3.2064023699986137E+000, 3.6224232799804668E-001, 6.9958033709999654E+000, 4.0402537709992430E+000, 3.4090773382422412E-001, 1.3025320588394607E-001, 3.2041402500017284E+000, 1.0855286110013367E+000
