parcel merge (total),find nearest,build graphs,create comm,resolve graphs,MPI allreduce,SHMEM put,SHMEM get,SHMEM sync
 8.6790881660017476E+000, 7.8108460269993429E+000, 4.9906700050014479E+000, 0.0000000000000000E+000, 6.6307434299990291E+000, 8.7433946199598722E-001, 1.4149015305542889E-001, 3.5827570007882059E-001, 5.7604026979947776E+000
 8.5742403590006688E+000, 7.7083096009992005E+000, 4.8927716549985689E+000, 0.0000000000000000E+000, 6.6129899959980776E+000, 8.7534520799999882E-001, 1.4330246187569173E-001, 3.5750141992707540E-001, 5.7425364779908250E+000
 8.8039990370002670E+000, 7.9343459269998675E+000, 5.1211579859998437E+000, 0.0000000000000000E+000, 6.6169043350005268E+000, 8.7601836700036984E-001, 1.4178989896686289E-001, 3.5850106906605106E-001, 5.7455630300044049E+000
 8.6742894669989710E+000, 7.8161607639997328E+000, 4.9507220559987672E+000, 0.0000000000000000E+000, 6.6691860900004940E+000, 9.0204100299752099E-001, 1.4591531611517894E-001, 3.5833171000467701E-001, 5.7710771670069789E+000
 8.5585877150003853E+000, 7.6815749019999657E+000, 4.8777328700009548E+000, 0.0000000000000000E+000, 6.6046898739998596E+000, 8.7397246700447795E-001, 1.4227693604902925E-001, 3.5800596505578142E-001, 5.7347570900039955E+000
