parcel merge (total),find nearest,build graphs,create comm,resolve graphs,MPI allreduce,MPI RMA put,MPI RMA get,MPI RMA sync
 1.5475331984000604E+001, 1.5361167847999241E+001, 1.1742479019994789E+000, 0.0000000000000000E+000, 1.4849610797999276E+001, 3.5522181660035130E+000, 5.4579384369860691E+000, 2.1647262549010975E+000, 1.1299357207999492E+001
 1.5475819796000906E+001, 1.5363255664999997E+001, 1.1755229299972143E+000, 0.0000000000000000E+000, 1.4850917003999484E+001, 3.5475170379961583E+000, 5.4551712781280912E+000, 2.1581375830285197E+000, 1.1304666128994540E+001
 1.5472335869999142E+001, 1.5358801533999440E+001, 1.1760568160009370E+000, 0.0000000000000000E+000, 1.4845878879999418E+001, 3.5494523480017506E+000, 5.4499971899415414E+000, 2.1615252350432002E+000, 1.1298393615000350E+001
 1.5477208492996851E+001, 1.5362846340998885E+001, 1.1785658529988723E+000, 0.0000000000000000E+000, 1.4848899366999149E+001, 3.5472296939994976E+000, 5.4588623999541142E+000, 2.1599748091116453E+000, 1.1303222909002670E+001
 1.5457483302000583E+001, 1.5343654789001675E+001, 1.1589563760023793E+000, 0.0000000000000000E+000, 1.4848403700999597E+001, 3.5481990030023098E+000, 5.4582017089780948E+000, 2.1591284529929453E+000, 1.1301934528993570E+001
