parcel merge (total),find nearest,build graphs,create comm,resolve graphs,MPI allreduce,MPI P2P put,MPI P2P get,MPI P2P sync,MPI graph info
 1.0384162930006369E+000, 9.9419913599945176E-001, 4.2155789499906859E-001, 6.6389410000510907E-002, 6.8287832600071852E-001, 2.3559007699714130E-001, 2.5524350992554901E-002, 1.0612131993411822E-002, 3.8971519899860141E-001, 1.4931902099988292E-001
 1.0357578000000558E+000, 9.9339840699940396E-001, 4.2097708900132602E-001, 6.6509017000726089E-002, 6.8250296299925139E-001, 2.3436611100032678E-001, 2.5349863998144428E-002, 1.0622127014585203E-002, 3.8947832400481275E-001, 1.4914109900109906E-001
 1.0407193429996369E+000, 9.9670799199998328E-001, 4.2568378799887796E-001, 6.5977919002307317E-002, 6.8042787200033672E-001, 2.3223165600052198E-001, 2.5437517994305381E-002, 1.0556144040492654E-002, 3.8843258200381570E-001, 1.4947356000129730E-001
 1.0367519000001266E+000, 9.9361079800064545E-001, 4.1996956500133820E-001, 6.5510906998270002E-002, 6.8275883199953569E-001, 2.3578325600078642E-001, 2.5594960995476868E-002, 1.0567387015044005E-002, 3.9224607999949512E-001, 1.4847477099965545E-001
 1.0388427420002699E+000, 9.9576384300007703E-001, 4.2312062400014838E-001, 6.6243770998653417E-002, 6.8285922400104937E-001, 2.3586629099759193E-001, 2.5615359006224026E-002, 1.0602270998333552E-002, 3.8968751400352630E-001, 1.4877684700036298E-001
