parcel merge (total),find nearest,build graphs,create comm,resolve graphs,MPI allreduce,MPI RMA put,MPI RMA get,MPI RMA sync
 1.0717871775399999E+002, 1.0233601128099849E+002, 2.4078709822998917E+001, 0.0000000000000000E+000, 9.5497220399000071E+001, 1.9216356310998890E+001, 4.1054553793950163E+001, 1.6368097584018869E+001, 7.6280931399005340E+001
 1.0699336955500212E+002, 1.0213808403399980E+002, 2.4167666418999033E+001, 0.0000000000000000E+000, 9.5361565326998516E+001, 1.9147980643989740E+001, 4.1026497873356220E+001, 1.6301635347940191E+001, 7.6213261592989056E+001
 1.0710421291499915E+002, 1.0226299883999855E+002, 2.3686425185000644E+001, 0.0000000000000000E+000, 9.5884279800000513E+001, 1.9287367492000612E+001, 4.1129296116092064E+001, 1.6433653677045186E+001, 7.6597077143007027E+001
 1.0669118878600011E+002, 1.0183308095400162E+002, 2.3535385961999054E+001, 0.0000000000000000E+000, 9.5550546099998428E+001, 1.9192619975000980E+001, 4.1227415069861308E+001, 1.6448552055911478E+001, 7.6357760619005148E+001
 1.0770008312100015E+002, 1.0283479147699938E+002, 2.4714919267999562E+001, 0.0000000000000000E+000, 9.5411524258000100E+001, 1.9150054741998815E+001, 4.1199286618066026E+001, 1.6364670920027493E+001, 7.6261352630997294E+001
