parcel merge (total),find nearest,build graphs,create comm,resolve graphs,MPI allreduce,MPI P2P put,MPI P2P get,MPI P2P sync,MPI graph info
 6.4482624600002509E+000, 6.0340512360016874E+000, 3.1136701089999406E+000, 0.0000000000000000E+000, 5.1487375470005645E+000, 1.1065354330021364E+000, 2.2443656399036627E-001, 8.6020813929962969E-002, 3.3479656579986568E+000, 2.1604293869993398E+000
 6.3835042970013092E+000, 5.9655815799987977E+000, 2.9865735020005104E+000, 0.0000000000000000E+000, 5.2120363829992584E+000, 1.1677922390013009E+000, 2.2278140815001279E-001, 8.5303089995477421E-002, 3.4191094920013256E+000, 2.1624814769998011E+000
 6.3172931809981492E+000, 5.8924153539990130E+000, 2.9870097860011811E+000, 0.0000000000000000E+000, 5.1417317659995661E+000, 1.0952097159968162E+000, 2.2534154504614889E-001, 8.6240082089261705E-002, 3.3443645819909307E+000, 2.1637397730000885E+000
 6.3584338430005118E+000, 5.9456298599995989E+000, 2.9860184740007298E+000, 0.0000000000000000E+000, 5.1950237149999339E+000, 1.1447589339973092E+000, 2.2605682511925806E-001, 8.6667073913986314E-002, 3.3574854379953649E+000, 2.1646862189995772E+000
 6.4022985419999259E+000, 5.9841457439995338E+000, 3.0749362490016665E+000, 0.0000000000000000E+000, 5.1426633820001371E+000, 1.1008756490016367E+000, 2.2312673600640665E-001, 8.5592274887858366E-002, 3.3385431289905227E+000, 2.1611185039987504E+000
