parcel merge (total),find nearest,build graphs,create comm,resolve graphs,MPI allreduce,MPI RMA put,MPI RMA get,MPI RMA sync
 5.9998871838000468E+001, 5.9573194673998842E+001, 3.0666336280003179E+000, 0.0000000000000000E+000, 5.7723516167999378E+001, 1.3838568298002883E+001, 2.1539566391043309E+001, 8.4133174659966699E+000, 4.3889534633993890E+001
 6.0018716116000405E+001, 5.9591492706000054E+001, 3.0480701660010254E+000, 0.0000000000000000E+000, 5.7762866814001427E+001, 1.3845521099995949E+001, 2.1531782679238859E+001, 8.3904211979613592E+000, 4.3921464447998005E+001
 6.0037114689996997E+001, 5.9612461750998591E+001, 3.0454138889986098E+000, 0.0000000000000000E+000, 5.7784481799998048E+001, 1.3854594110988728E+001, 2.1527263642100934E+001, 8.3903615788340176E+000, 4.3933745068988628E+001
 5.9980488014001367E+001, 5.9553812556996945E+001, 3.0454681350011015E+000, 0.0000000000000000E+000, 5.7724296278000111E+001, 1.3840611605008689E+001, 2.1525319266804217E+001, 8.3940060352210821E+000, 4.3887953155018295E+001
 6.0017263677997562E+001, 5.9597465936999470E+001, 3.0443007769995347E+000, 0.0000000000000000E+000, 5.7769559774998925E+001, 1.3853793172995665E+001, 2.1583410313847708E+001, 8.3822701297540334E+000, 4.3920014493002327E+001
