parcel merge (total),find nearest,build graphs,create comm,resolve graphs,MPI allreduce,MPI RMA put,MPI RMA get,MPI RMA sync
 6.8674657214000263E+001, 6.7684772121000378E+001, 7.6220151179973072E+000, 2.0139353399781612E-001, 6.4334475028000043E+001, 1.4548225348999495E+001, 2.4668550114585059E+001, 9.5047370640040754E+000, 4.9035680160003949E+001
 6.8802503183999306E+001, 6.7790354559997468E+001, 7.7575211160005892E+000, 2.0166612600223743E-001, 6.4315900208002404E+001, 1.4530955020991769E+001, 2.4665934339859632E+001, 9.4555548549037667E+000, 4.9028345342020202E+001
 6.9130784045001747E+001, 6.8150653563998731E+001, 8.1147774520018174E+000, 2.0071099000097092E-001, 6.4341511183999046E+001, 1.4531333604998963E+001, 2.4711947178587252E+001, 9.4598815231711342E+000, 4.9053585807997024E+001
 6.8764608252000926E+001, 6.7767292563996762E+001, 7.7700967869991473E+000, 2.0079262900026151E-001, 6.4286529835999772E+001, 1.4523122007995426E+001, 2.4606050836688155E+001, 9.4507684036489081E+000, 4.9009726561002481E+001
 6.8613491208998767E+001, 6.7601351410999996E+001, 7.6255011510029362E+000, 2.0104283100181419E-001, 6.4264284404999216E+001, 1.4521706802004246E+001, 2.4713245868053036E+001, 9.4662084231872541E+000, 4.8988485788994694E+001
