parcel merge (total),find nearest,build graphs,create comm,resolve graphs,MPI allreduce,MPI RMA put,MPI RMA get,MPI RMA sync
 1.5190218517000176E+001, 1.4971040581000807E+001, 1.7189390949988592E+000, 8.7225761998979578E-002, 1.4076989980000917E+001, 3.2254172879936505E+000, 5.7144943160219555E+000, 2.2278147120928224E+000, 1.0559742687004245E+001
 1.5225405373000285E+001, 1.5008585284000674E+001, 1.7495181550004872E+000, 8.7630035000529460E-002, 1.4081072810999785E+001, 3.2275081999996473E+000, 5.7092983720824577E+000, 2.2261620089702774E+000, 1.0565469351994579E+001
 1.5198266758999807E+001, 1.4978895499001055E+001, 1.7208321069983867E+000, 8.7695439999151859E-002, 1.4083508084999949E+001, 3.2272247219984820E+000, 5.7295085089961049E+000, 2.2307743600497361E+000, 1.0564870279001980E+001
 1.5199199778000548E+001, 1.4975542182000481E+001, 1.7167324190011186E+000, 8.7385540000468609E-002, 1.4083740288999024E+001, 3.2278573650023645E+000, 5.7208265581416526E+000, 2.2294711019951592E+000, 1.0561913735997223E+001
 1.5230783010999176E+001, 1.5013004430999899E+001, 1.7522157650003010E+000, 8.7238413999330078E-002, 1.4086782893999725E+001, 3.2279639940020388E+000, 5.7212730739615836E+000, 2.2291190399880634E+000, 1.0565581557997348E+001
