parcel merge (total),find nearest,build graphs,create comm,resolve graphs,MPI allreduce,SHMEM put,SHMEM get,SHMEM sync
 2.6654025176999312E+001, 2.3893697033998933E+001, 1.2976167138999472E+001, 0.0000000000000000E+000, 2.1127069317000405E+001, 3.6344282690008640E+000, 6.1232402978680511E-001, 1.7111891910044505E+000, 1.7499545387001262E+001
 2.6423227142002361E+001, 2.3655634466999572E+001, 1.2902227496000478E+001, 0.0000000000000000E+000, 2.0995665775000589E+001, 3.6650115589964116E+000, 6.1244953769801214E-001, 1.7134815570518640E+000, 1.7338663233003217E+001
 2.6737434611001390E+001, 2.3973067970002376E+001, 1.2902879692998795E+001, 0.0000000000000000E+000, 2.1272923418998744E+001, 3.6438124590063126E+000, 6.1063535186121953E-001, 1.7214749291420048E+000, 1.7636026509988824E+001
 2.6286011512005643E+001, 2.3514249796002332E+001, 1.2628219151999929E+001, 0.0000000000000000E+000, 2.1071205963997272E+001, 3.6395979699991585E+000, 6.1069970567132259E-001, 1.7107920549633491E+000, 1.7438880100989081E+001
 2.6518360393000421E+001, 2.3747897467002076E+001, 1.2668247428000086E+001, 0.0000000000000000E+000, 2.1270336204002888E+001, 3.6446794669855080E+000, 6.1171389604896831E-001, 1.7097601979503452E+000, 1.7633173452991286E+001
