parcel merge (total),find nearest,build graphs,create comm,resolve graphs,MPI allreduce,MPI P2P put,MPI P2P get,MPI P2P sync,MPI graph info
 1.5417621845000212E+001, 1.3563603076000163E+001, 8.1718854610007838E+000, 0.0000000000000000E+000, 9.8459280530014439E+000, 6.9303710599729129E-001, 4.1975300183685249E-001, 1.6455913391087051E-001, 4.5305303370039383E+000, 5.0390474600010293E+000
 1.5052910444001327E+001, 1.3196288988998958E+001, 7.7915762780007753E+000, 0.0000000000000000E+000, 9.8614261459995305E+000, 6.8642167000098198E-001, 4.2021710096764764E-001, 1.6458818299111044E-001, 4.5125378620066385E+000, 5.0443105469996681E+000
 1.5060078851999606E+001, 1.3203734043999475E+001, 7.7926717950003876E+000, 0.0000000000000000E+000, 9.8618285760007893E+000, 6.9977259800089087E-001, 4.1968059511555111E-001, 1.6349267897317077E-001, 4.5411438969995288E+000, 5.0384479069998633E+000
 1.5080620822999890E+001, 1.3218122443000084E+001, 7.8035258500005966E+000, 0.0000000000000000E+000, 9.8755464199996368E+000, 6.9377697899972190E-001, 4.1761035605441066E-001, 1.6389552399141394E-001, 4.5340128240013655E+000, 5.0499891150020630E+000
 1.5152586560999907E+001, 1.3299380525000515E+001, 7.8843290710012752E+000, 0.0000000000000000E+000, 9.8769867550010986E+000, 7.1241782400488773E-001, 4.1649964095222458E-001, 1.6304413511443272E-001, 4.5499671659965770E+000, 5.0533209680017990E+000
