parcel merge (total),find nearest,build graphs,create comm,resolve graphs,MPI allreduce,MPI RMA put,MPI RMA get,MPI RMA sync
 1.7940492482001218E+001, 1.7061997284000654E+001, 5.0004040089993396E+000, 9.0417510000634138E-002, 1.3403494910000518E+001, 2.9301311839969912E+000, 5.9441162219450234E+000, 2.4173187769656579E+000, 9.3971929840104167E+000
 1.7941937717999963E+001, 1.7050156486001242E+001, 5.0138081910008623E+000, 9.2196957999249207E-002, 1.3418661761000067E+001, 2.9241410100028133E+000, 5.9436593592226927E+000, 2.4264929369908259E+000, 9.4212144259927300E+000
 1.7869370638001101E+001, 1.7006855129998485E+001, 4.9737372839990712E+000, 9.1396030000623796E-002, 1.3376213464999637E+001, 2.9229984190017149E+000, 5.9204222029243283E+000, 2.4141691290494691E+000, 9.3734388580039649E+000
 1.7856521159998920E+001, 1.7025125204999313E+001, 4.9713774159999957E+000, 9.1620282000576481E-002, 1.3397077203001800E+001, 2.9260234949977075E+000, 5.9304656778595017E+000, 2.4161596890949113E+000, 9.3914052379977875E+000
 1.8053663238000354E+001, 1.7160317411001415E+001, 5.1239893730007680E+000, 9.0085516000044663E-002, 1.3378475469001160E+001, 2.9242821409993667E+000, 5.9104083441191051E+000, 2.4160636001513467E+000, 9.3746583190049932E+000
