parcel merge (total),find nearest,build graphs,create comm,resolve graphs,MPI allreduce,MPI P2P put,MPI P2P get,MPI P2P sync,MPI graph info
 1.8467910839997330E+000, 1.7017389459999777E+000, 9.1402894999896489E-001, 4.4966569000735035E-002, 9.1500726800086341E-001, 1.6414303099918470E-001, 4.8176669986332854E-002, 1.9541634001143393E-002, 5.3902623099929770E-001, 2.1724714299944026E-001
 1.8359500009983094E+000, 1.6892030999995313E+000, 9.1182183000023542E-001, 4.5251047999272487E-002, 9.0149056399923211E-001, 1.5979313699949671E-001, 4.7896164994426726E-002, 1.9509007984652271E-002, 5.1792149599737058E-001, 2.1517321399892353E-001
 1.8387743450000471E+000, 1.6937021659989568E+000, 9.1319056299971635E-001, 4.4938698000578370E-002, 9.0549865200091517E-001, 1.5921368899967092E-001, 4.7841392980899400E-002, 1.9424191018288184E-002, 5.2640293999957066E-001, 2.1719767999957185E-001
 1.8479328880005141E+000, 1.7017306180000560E+000, 9.1540023500101597E-001, 4.5901032998472147E-002, 9.1202619299951948E-001, 1.6469370099480329E-001, 4.8140324054656958E-002, 1.9589991999737322E-002, 5.3412328301192247E-001, 2.1606562499891879E-001
 1.8407427100012228E+000, 1.6957582290012851E+000, 9.1476659000068139E-001, 4.5617059000051086E-002, 9.0745971100000133E-001, 1.6112558299914781E-001, 4.7969634050105014E-002, 1.9484660004309262E-002, 5.2463423599397174E-001, 2.1732224800030053E-001
