parcel merge (total),find nearest,build graphs,create comm,resolve graphs,MPI allreduce,MPI RMA put,MPI RMA get,MPI RMA sync
 2.0280903070004115E+000, 1.7970196040023438E+000, 1.0792376940000850E+000, 4.4975720998991164E-002, 7.1809282199978952E-001, 7.4414748000663167E-002, 2.8394881401618477E-001, 1.5215517402066325E-001, 2.7220097499616713E-001
 2.0680806699999721E+000, 1.8372050739994847E+000, 1.1233961510017707E+000, 4.5983287999206368E-002, 7.1842368299849113E-001, 7.3301910998452513E-002, 2.8317062494420497E-001, 1.5224875601666099E-001, 2.7435784099429839E-001
 2.0245658379994893E+000, 1.7961019880012827E+000, 1.0804069119992619E+000, 4.6358873000372114E-002, 7.1744063000028291E-001, 7.3859086999391366E-002, 2.8429298401260894E-001, 1.5222102599295795E-001, 2.7427886500231580E-001
 2.0159637210001620E+000, 1.7879151090010055E+000, 1.0733149100001356E+000, 4.1737595000995498E-002, 7.1594206600025245E-001, 7.3847976999104503E-002, 2.8202851802052464E-001, 1.5193004599245796E-001, 2.7463805700017474E-001
 2.0305814730006659E+000, 1.7972715329990478E+000, 1.0837295849996735E+000, 4.2529478000687959E-002, 7.1844115600083569E-001, 7.2894629002803413E-002, 2.8155968599389780E-001, 1.5136765196234592E-001, 2.7763854000068022E-001
