parcel merge (total),find nearest,build graphs,create comm,resolve graphs,MPI allreduce,MPI RMA put,MPI RMA get,MPI RMA sync
 2.0990430480003397E+000, 2.0459093030015083E+000, 5.8230684600039240E-001, 0.0000000000000000E+000, 1.4748725029999150E+000, 2.0461388099920441E-001, 8.0044559398288584E-001, 3.1479354999396492E-001, 6.3773481099974560E-001
 1.9121909470009086E+000, 1.8594101210005647E+000, 5.8363744700091047E-001, 0.0000000000000000E+000, 1.2881205720009348E+000, 2.0480305399951249E-001, 6.5526778400658259E-001, 2.7772910501448678E-001, 6.3727520900192758E-001
 1.9133790749988293E+000, 1.8607742409985804E+000, 5.8649006900350287E-001, 0.0000000000000000E+000, 1.2857128290011133E+000, 2.0293479699967065E-001, 6.5852441101515069E-001, 2.7913392302252760E-001, 6.3487869298796795E-001
 1.9091653020009289E+000, 1.8567095899998094E+000, 5.8276462900266779E-001, 0.0000000000000000E+000, 1.2853681470005540E+000, 2.0291027600796951E-001, 6.5633293798236991E-001, 2.7764131400272163E-001, 6.3609083801111410E-001
 1.8833151949984313E+000, 1.8306635109975105E+000, 5.8334934500135205E-001, 0.0000000000000000E+000, 1.2588801490019250E+000, 1.9838358399738354E-001, 6.3636534206534634E-001, 2.6960054200617378E-001, 6.1398318400733842E-001
