parcel merge (total),find nearest,build graphs,create comm,resolve graphs,MPI allreduce,MPI P2P put,MPI P2P get,MPI P2P sync,MPI graph info
 8.5149392299877036E-001, 7.9862193500184731E-001, 5.8093819399960012E-001, 0.0000000000000000E+000, 2.3585295499947279E-001, 7.4091656000518924E-002, 1.0125607987447438E-002, 5.0045860166392231E-003, 1.2729551799839101E-001, 2.3434696000776967E-002
 8.5290049299851489E-001, 7.9915047800113825E-001, 5.7883457600019028E-001, 0.0000000000000000E+000, 2.3838080099994841E-001, 7.7402698002515535E-002, 1.0023643014392292E-002, 5.0101750186968275E-003, 1.2793512999769519E-001, 2.3738986001262674E-002
 8.5655315099984364E-001, 8.0311980700025742E-001, 5.8273927500113132E-001, 0.0000000000000000E+000, 2.3920416000191835E-001, 7.6606332997016580E-002, 1.0179864997553523E-002, 4.9818829770629236E-003, 1.2835734198824866E-001, 2.3553186001663562E-002
 8.5619679600040399E-001, 8.0258700899912583E-001, 5.8231237999825680E-001, 0.0000000000000000E+000, 2.3830077200409505E-001, 7.7274210998893977E-002, 1.0140863943433942E-002, 4.9901690222213801E-003, 1.2737179699797707E-001, 2.3313020002206031E-002
 8.5751902800166135E-001, 8.0345233599837229E-001, 5.8021084999791128E-001, 0.0000000000000000E+000, 2.4169914799858816E-001, 7.8413076000742876E-002, 1.0309191979104071E-002, 5.1252509924779588E-003, 1.2783187798277140E-001, 2.3903419998077879E-002
