parcel merge (total),find nearest,build graphs,create comm,resolve graphs,MPI allreduce,MPI RMA put,MPI RMA get,MPI RMA sync
 1.7969785770998442E+001, 1.5685286593997716E+001, 8.3006052850005290E+000, 0.0000000000000000E+000, 7.9701813550000224E+000, 1.1237704279997160E+000, 4.3003877369137626E+000, 1.8748648889149990E+000, 3.9316984349866289E+000
 1.7770125927998834E+001, 1.5481598707998273E+001, 8.2568438499979493E+000, 0.0000000000000000E+000, 7.8438027850011167E+000, 1.1225071070034573E+000, 4.1638116050930876E+000, 1.8339091820171234E+000, 3.9761843280052744E+000
 1.7700884038997174E+001, 1.5420057246999477E+001, 8.1981985930005976E+000, 0.0000000000000000E+000, 7.7763167649995921E+000, 1.1176262759977362E+000, 4.1569374620617054E+000, 1.8400648240844930E+000, 3.9450307530037207E+000
 1.7509883576999528E+001, 1.5230194319999100E+001, 8.0722641359984664E+000, 0.0000000000000000E+000, 7.7386209579985916E+000, 1.1202311669981100E+000, 4.1462755841371290E+000, 1.8310444129269854E+000, 3.9048459469941008E+000
 1.7643397346996153E+001, 1.5363644380000096E+001, 8.2071201049961928E+000, 0.0000000000000000E+000, 7.7069442090023585E+000, 1.1138672759971087E+000, 4.1270235828678778E+000, 1.8273390390613713E+000, 3.8590729420179741E+000
