parcel merge (total),find nearest,build graphs,create comm,resolve graphs,MPI allreduce,MPI P2P put,MPI P2P get,MPI P2P sync,MPI graph info
 3.5126838840000119E+000, 3.1317964989999325E+000, 2.5011958670000922E+000, 0.0000000000000000E+000, 8.2497309399988694E-001, 2.1785982199995146E-001, 4.2410168003669924E-002, 2.0062169998709578E-002, 3.6472970500074098E-001, 1.8452925100007178E-001
 3.5693655020000961E+000, 3.1831616889998031E+000, 2.5185779870004126E+000, 0.0000000000000000E+000, 8.5475412199963330E-001, 2.3188404699999410E-001, 4.2029186999855028E-002, 2.0227670009489884E-002, 3.7012372300188190E-001, 1.7751014200024429E-001
 3.5636435040004244E+000, 3.1803510129996084E+000, 2.5360332020002261E+000, 0.0000000000000000E+000, 8.4797022599957472E-001, 2.2637655499943321E-001, 4.2782391036894296E-002, 2.0274766987427029E-002, 3.6719001700112130E-001, 1.7823449100023936E-001
 3.5256968260002850E+000, 3.1446146950002003E+000, 2.5114225370000440E+000, 0.0000000000000000E+000, 8.2262223999987327E-001, 2.1209557399970436E-001, 4.1981973987731180E-002, 2.0002201987495027E-002, 3.6577390499928697E-001, 1.9070112300016717E-001
 3.5506871360007608E+000, 3.1623987179989399E+000, 2.5098613569987265E+000, 0.0000000000000000E+000, 8.4370610300061344E-001, 2.2597741900472101E-001, 4.3228149990909515E-002, 2.0579075033083427E-002, 3.6678680799877839E-001, 1.9114036500081966E-001
