parcel merge (total),find nearest,build graphs,create comm,resolve graphs,MPI allreduce,MPI RMA put,MPI RMA get,MPI RMA sync
 2.3597044519997326E+000, 2.2560997030009275E+000, 8.5985734099995170E-001, 1.4662544600150795E-001, 1.4149199929981933E+000, 2.0168573299906711E-001, 7.0691418701790099E-001, 3.0839365097313021E-001, 6.6099155899883044E-001
 2.3604074650004350E+000, 2.2569467559994791E+000, 8.5192061700058730E-001, 1.4984046000108719E-001, 1.4229893109982186E+000, 2.0360231800009387E-001, 7.2393796999926963E-001, 3.1452946600757059E-001, 6.6531967999867447E-001
 2.3640552629995000E+000, 2.2599650259999180E+000, 8.5698666999633133E-001, 1.4796740399970076E-001, 1.4229336940011308E+000, 2.0434460799788212E-001, 7.1619944402664260E-001, 3.1284540399246907E-001, 6.6285104299913655E-001
 2.3667749820001518E+000, 2.2627920389982137E+000, 8.5866266200082464E-001, 1.5302005199873747E-001, 1.4236001189992749E+000, 2.0443323399786095E-001, 7.2129800898346730E-001, 3.1385147699256777E-001, 6.6032267199398120E-001
 2.3601743859985618E+000, 2.2574560299972291E+000, 8.5936273399966012E-001, 1.4755572100011705E-001, 1.4198832469996887E+000, 2.0336760699683509E-001, 7.2062824304157402E-001, 3.1356950205417888E-001, 6.6260440001042298E-001
