parcel merge (total),find nearest,build graphs,create comm,resolve graphs,MPI allreduce,MPI RMA put,MPI RMA get,MPI RMA sync
 5.9995017149999512E+000, 5.8316483709995737E+000, 2.0406207670000640E+000, 2.5560625499963407E-001, 3.9230987620003361E+000, 6.4818910800147478E-001, 2.1902354209742043E+000, 9.2277704899936452E-001, 2.1308132449993309E+000
 5.9859731570015811E+000, 5.8183016100017539E+000, 1.9712311329997192E+000, 2.5146235500142211E-001, 3.9321916099995633E+000, 6.5061633400046048E-001, 2.1862208380073298E+000, 9.2066915502005031E-001, 2.1334637540010135E+000
 5.9996002569992015E+000, 5.8259409810007128E+000, 1.9601910610006144E+000, 2.5199074699958146E-001, 3.9530807010009994E+000, 6.4786488299569100E-001, 2.1719774699663503E+000, 9.1699293600004239E-001, 2.1562160110001969E+000
 5.9812315639985627E+000, 5.8037749799996163E+000, 1.9549164729987751E+000, 2.6565541299964934E-001, 3.9317872710003030E+000, 6.5392221000161044E-001, 2.1786709210366553E+000, 9.2040504500323550E-001, 2.1276439339951594E+000
 5.9918965770007162E+000, 5.8238624219991380E+000, 1.9857336420004685E+000, 2.5101591000134249E-001, 3.9233629090001614E+000, 6.4440150700306731E-001, 2.1825642699736818E+000, 9.1925604706170816E-001, 2.1308775959964805E+000
