parcel merge (total),find nearest,build graphs,create comm,resolve graphs,MPI allreduce,MPI RMA put,MPI RMA get,MPI RMA sync
 6.7380193289997123E+000, 5.7887410179992003E+000, 3.5137887110001884E+000, 4.1030010000554284E-002, 2.2568909089991394E+000, 3.3469328400201448E-001, 1.1102304040119861E+000, 5.5308821198798341E-001, 8.8944957999558483E-001
 7.0018820820004066E+000, 6.0638154899997971E+000, 3.8588597219998064E+000, 4.2084003999889319E-002, 2.4879604259998587E+000, 3.3311365200029286E-001, 1.1067151890035802E+000, 5.5476608398191729E-001, 1.1165213000015228E+000
 6.4290144170008716E+000, 5.4916549910005870E+000, 3.2149546239993469E+000, 4.4179824000821100E-002, 2.2657127810000475E+000, 3.3390955199820382E-001, 1.1146722800110638E+000, 5.5023160698647189E-001, 9.0585431300428354E-001
 6.4683325259986759E+000, 5.5173219589999007E+000, 3.2487028260004536E+000, 4.2276563000086753E-002, 2.2756389190001300E+000, 3.3460974800141230E-001, 1.1184183549614772E+000, 5.5403517099625788E-001, 9.1523151800606684E-001
 6.5066799550013457E+000, 5.5670052329987811E+000, 3.3102297039988571E+000, 4.2797834998964390E-002, 2.3518432570001551E+000, 3.3332824100079961E-001, 1.1131759799957308E+000, 5.5195318797404980E-001, 9.7814678699387514E-001
