parcel merge (total),find nearest,build graphs,create comm,resolve graphs,MPI allreduce,MPI P2P put,MPI P2P get,MPI P2P sync,MPI graph info
 9.6473328000047331E-001, 9.0993601400009538E-001, 4.6693743899959372E-001, 1.0109946000068248E-001, 4.4934600800036151E-001, 1.6272173300058057E-001, 8.3823370017626075E-003, 4.0188800018086113E-003, 2.2998340699723485E-001, 5.1952450000385397E-002
 9.6911153000075956E-001, 9.1440119700064315E-001, 4.8070475700114912E-001, 1.0270212699981585E-001, 4.4581568699993568E-001, 1.6208220999965306E-001, 8.4963009878720186E-003, 4.0188750065226486E-003, 2.2994683799959148E-001, 5.0761316999569317E-002
 9.6276035299979412E-001, 9.0745687999992697E-001, 4.6519686099998125E-001, 1.0203947800016522E-001, 4.4763265399978991E-001, 1.6214258899935885E-001, 8.6035619942776975E-003, 4.0841030053115901E-003, 2.2958128899892927E-001, 5.1371023998967758E-002
 9.6571869599961246E-001, 9.1011059900120017E-001, 4.7056651899947610E-001, 9.9456900998575293E-002, 4.4738878899943302E-001, 1.6188464399897384E-001, 8.4595590180924773E-003, 4.0919730115547281E-003, 2.2862907100761731E-001, 5.1888611998720080E-002
 9.6542760399984218E-001, 9.1105762699862680E-001, 4.7354002899874104E-001, 1.0258911499977330E-001, 4.4581464700013385E-001, 1.6190708600061043E-001, 8.5305149868872832E-003, 4.0313409883765416E-003, 2.3026258099139341E-001, 5.0568686000360685E-002
