parcel merge (total),find nearest,build graphs,create comm,resolve graphs,MPI allreduce,SHMEM put,SHMEM get,SHMEM sync
 5.2888446650003971E+000, 4.4349901519995001E+000, 3.6746815220008102E+000, 0.0000000000000000E+000, 1.0483782059998248E+000, 1.2975771399851510E-001, 4.7636938972345888E-002, 1.3886834399181680E-001, 5.5634477399939897E-001
 5.6568956140008595E+000, 4.7999454880007306E+000, 4.0762386780013458E+000, 0.0000000000000000E+000, 1.0838775590000296E+000, 1.2700301599898012E-001, 4.8111377015629841E-002, 1.3841807499829883E-001, 5.9558156900629911E-001
 5.7502101860009134E+000, 4.8950239420000798E+000, 4.1587481120004668E+000, 0.0000000000000000E+000, 1.3252757749994544E+000, 1.2935916500055100E-001, 4.8160751061459450E-002, 1.3907830004927746E-001, 8.3397129600007247E-001
 5.1342791029992441E+000, 4.2749395199987248E+000, 3.5385350979991017E+000, 0.0000000000000000E+000, 1.0414286799998536E+000, 1.2465328200255499E-001, 4.8363383953756056E-002, 1.3862237299667868E-001, 5.3553438400649611E-001
 5.3494318560001375E+000, 4.4961348520005231E+000, 3.7680874409977605E+000, 0.0000000000000000E+000, 1.0581530999993447E+000, 1.2770734599780553E-001, 4.6997365021070436E-002, 1.3899059499681243E-001, 5.5933577500172760E-001
