parcel merge (total),find nearest,build graphs,create comm,resolve graphs,MPI allreduce,MPI RMA put,MPI RMA get,MPI RMA sync
 1.6422519000001330E+000, 1.5544855880006025E+000, 6.1922088600056213E-001, 6.6767409999101801E-002, 9.4890001299995674E-001, 1.5248323099979189E-001, 4.0613805500504441E-001, 2.0507947800365400E-001, 4.7061735999704979E-001
 1.5954839290005793E+000, 1.5072551069997644E+000, 5.6552752800007511E-001, 6.5786385000137670E-002, 9.4881510099992283E-001, 1.5292376100080673E-001, 4.0689827600374429E-001, 2.0569016701233522E-001, 4.7061022999866964E-001
 1.6131304790003469E+000, 1.5242340280002509E+000, 6.0157248300060928E-001, 6.6546624000693555E-002, 9.6083922500008612E-001, 1.5205292600114717E-001, 4.0742044400724353E-001, 2.0454211599451355E-001, 4.8416059700321057E-001
 1.6498213940005826E+000, 1.5619589410007393E+000, 6.3676008199900025E-001, 6.6237724000757225E-002, 9.6072619600022335E-001, 1.5309815900081958E-001, 4.0642758796889211E-001, 2.0576752497777306E-001, 4.8164996500463531E-001
 1.5982246449993909E+000, 1.5089550539998982E+000, 5.6698258399956103E-001, 6.5451284000118903E-002, 9.4741615199950502E-001, 1.5150112900323620E-001, 4.0657935300600911E-001, 2.0571932798611670E-001, 4.6984701800602124E-001
