parcel merge (total),find nearest,build graphs,create comm,resolve graphs,MPI allreduce,MPI P2P put,MPI P2P get,MPI P2P sync,MPI graph info
 2.0622553459988922E+000, 1.9758570719993713E+000, 1.2804145399998106E+000, 0.0000000000000000E+000, 7.1726601800060052E-001, 2.3876815499966142E-001, 1.9331633991669150E-002, 8.0711690179668949E-003, 3.9206742700594077E-001, 9.1285973001276943E-002
 2.0660250859991720E+000, 1.9813936570003534E+000, 1.2797044099997947E+000, 0.0000000000000000E+000, 7.1391467400030706E-001, 2.4128519199803122E-001, 1.9678615038856151E-002, 8.0597910105097981E-003, 3.9208567799801131E-001, 1.1000485799922899E-001
 2.0790595760006454E+000, 1.9911753030012278E+000, 1.3005584199997884E+000, 0.0000000000000000E+000, 7.1893264300092596E-001, 2.4614411600146013E-001, 1.9256014978509484E-002, 7.9814809848812729E-003, 4.0009045700685419E-001, 8.9424683999823174E-002
 2.1091869110002790E+000, 2.0251424749985745E+000, 1.3399472199998854E+000, 0.0000000000000000E+000, 7.4927767600001971E-001, 2.7641354700085685E-001, 1.9222799014414704E-002, 7.9821889944469149E-003, 4.3386928099880606E-001, 1.1881621799921049E-001
 2.0553438629999619E+000, 1.9704708220015164E+000, 1.2813895639988004E+000, 0.0000000000000000E+000, 7.1357905000081701E-001, 2.3804242499795691E-001, 1.9130027998699006E-002, 8.1073050098439126E-003, 3.9820891300382755E-001, 8.9930028999560818E-002
