parcel merge (total),find nearest,build graphs,create comm,resolve graphs,MPI allreduce,MPI RMA put,MPI RMA get,MPI RMA sync
 1.4128799389001188E+001, 1.2168777524000689E+001, 7.1879270889999134E+000, 0.0000000000000000E+000, 5.3518280829989635E+000, 8.4179532199959795E-001, 2.5855788029959967E+000, 1.2733265860422307E+000, 2.6985756509952807E+000
 1.3914300034001599E+001, 1.1936749517000635E+001, 7.0003370299998551E+000, 0.0000000000000000E+000, 5.3852762099995743E+000, 8.4861917799798903E-001, 2.5872507570097696E+000, 1.2767720999925132E+000, 2.6348582939906464E+000
 1.4434463572998311E+001, 1.2469080176000944E+001, 7.5158713129990247E+000, 0.0000000000000000E+000, 5.3316830079993451E+000, 8.5195269000109874E-001, 2.5757201589667602E+000, 1.2757600629920489E+000, 2.6374865290031266E+000
 1.4610592159999214E+001, 1.2616276389001314E+001, 7.7364253770001596E+000, 0.0000000000000000E+000, 5.3545928349988117E+000, 8.5538184800202544E-001, 2.5929231110083037E+000, 1.2761060310281209E+000, 2.6666000840014021E+000
 1.4934454211000912E+001, 1.2960081984998851E+001, 8.0320594550000806E+000, 0.0000000000000000E+000, 5.3400405210013560E+000, 8.4503376400152774E-001, 2.5832959340796151E+000, 1.2715081040232690E+000, 2.6229998259977947E+000
