parcel merge (total),find nearest,build graphs,create comm,resolve graphs,MPI allreduce,MPI P2P put,MPI P2P get,MPI P2P sync,MPI graph info
 8.6906081999916296E-001, 7.8208732499990674E-001, 5.2528183200013245E-001, 0.0000000000000000E+000, 2.3846900699936668E-001, 6.1317330000520087E-002, 8.4342140038415891E-003, 4.2171510038997440E-003, 1.4581942500342393E-001, 2.4987884999177368E-002
 7.8942851699912353E-001, 7.0495104399981301E-001, 4.4476738699984253E-001, 0.0000000000000000E+000, 2.3327959100015505E-001, 6.1235008000039670E-002, 8.4829340069063619E-003, 4.2980179962341936E-003, 1.4335139600393632E-001, 1.7935236000766963E-002
 7.9397865399994316E-001, 7.0659322999983942E-001, 4.4833919199970751E-001, 0.0000000000000000E+000, 2.3505860700015546E-001, 6.2661681000577119E-002, 8.4513280077089803E-003, 4.2580939970093823E-003, 1.4620361900324497E-001, 1.9943652999586448E-002
 9.0843523000091864E-001, 8.2052775699980884E-001, 5.7165253399944049E-001, 0.0000000000000000E+000, 3.0096337899954051E-001, 6.1357407999707902E-002, 8.4089940138483144E-003, 4.3138329879184312E-003, 2.1195256700036680E-001, 9.1418428000338281E-002
 8.4751537799979815E-001, 7.5897321799936890E-001, 5.0602838100064673E-001, 0.0000000000000000E+000, 2.7771354099957080E-001, 6.0693881999782207E-002, 8.3540999929709869E-003, 4.2250780022641266E-003, 1.8805682299978344E-001, 6.2702731999138450E-002
