parcel merge (total),find nearest,build graphs,create comm,resolve graphs,MPI allreduce,MPI RMA put,MPI RMA get,MPI RMA sync
 2.4292182360010202E+000, 2.2741142899996021E+000, 9.8002789800057144E-001, 4.4875895000245691E-002, 1.3442584350003699E+000, 2.5229358499962018E-001, 6.5646815403385972E-001, 3.2176992699226048E-001, 7.2672829900068336E-001
 2.4420952680004575E+000, 2.2861536769991062E+000, 9.8270379400003094E-001, 4.5204941000633880E-002, 1.3568408839988706E+000, 2.5254487100028200E-001, 6.5761179400419678E-001, 3.2099490399980368E-001, 7.3482461900039198E-001
 2.4668506300001809E+000, 2.3114215930002047E+000, 1.0115705639991575E+000, 4.5300042999770085E-002, 1.3357376960001375E+000, 2.5286100899927533E-001, 6.5625996499784378E-001, 3.2065803099987988E-001, 7.2234856999864405E-001
 2.4110548819987798E+000, 2.2595939949990225E+000, 9.3534170200018707E-001, 4.5846428999766431E-002, 1.3284827529998893E+000, 2.5254621500039320E-001, 6.5556329101968913E-001, 3.2047603998512386E-001, 7.1237628699986999E-001
 2.4784752489999846E+000, 2.3201313790004860E+000, 1.0253277809997599E+000, 4.4729153000616861E-002, 1.3589768169997569E+000, 2.5280007399896931E-001, 6.5486045601187470E-001, 3.1935447100045167E-001, 7.4406162499826678E-001
