parcel merge (total),find nearest,build graphs,create comm,resolve graphs,MPI allreduce,SHMEM put,SHMEM get,SHMEM sync
 1.3040414550005153E+000, 1.1552239159998408E+000, 9.0252159299916457E-001, 0.0000000000000000E+000, 2.7423328600059449E-001, 7.6881039999989298E-002, 1.7367891002550095E-002, 6.4513980987271680E-002, 1.2920948399994359E-001
 1.3753996900003358E+000, 1.2244014459996606E+000, 9.8314350500004366E-001, 0.0000000000000000E+000, 3.2563746800008175E-001, 7.6941948999092347E-002, 1.7277126998578751E-002, 6.4248294013282248E-002, 1.8136311399860006E-001
 1.4368650149995119E+000, 1.2852551089999906E+000, 1.0434948169992140E+000, 0.0000000000000000E+000, 4.0502979800032790E-001, 7.6953119998847797E-002, 1.7147290015032013E-002, 6.4386621991047832E-002, 2.6011093699867160E-001
 1.3395372410001301E+000, 1.1882614390007120E+000, 9.4373206500063134E-001, 0.0000000000000000E+000, 2.7568603900067501E-001, 7.7484709999794177E-002, 1.7335670993134045E-002, 6.4552501015668895E-002, 1.3047030800316861E-001
 1.3672621990008338E+000, 1.2165681420019610E+000, 9.7670094399995833E-001, 0.0000000000000000E+000, 3.0781734600054733E-001, 7.6727772999447552E-002, 1.7154042975562334E-002, 6.4753468997878372E-002, 1.6229252699667995E-001
