parcel merge (total),find nearest,build graphs,create comm,resolve graphs,MPI allreduce,MPI P2P put,MPI P2P get,MPI P2P sync,MPI graph info
 2.7260623180001176E+000, 2.3235590030001276E+000, 1.7196712759996444E+000, 0.0000000000000000E+000, 6.6004121399953419E-001, 1.3402068599782524E-001, 2.5322832981828469E-002, 1.0581683995837921E-002, 3.1352129399760997E-001, 1.0442767699987598E-001
 2.7038875550006196E+000, 2.3050613829996109E+000, 1.6835721640002248E+000, 0.0000000000000000E+000, 6.3749616799941577E-001, 1.3291520800180479E-001, 2.5326013991502805E-002, 1.0562872008222257E-002, 2.8448059799711700E-001, 6.7748102999985349E-002
 2.9181102929996996E+000, 2.5087324530002206E+000, 1.8943261940005414E+000, 0.0000000000000000E+000, 7.4592790700035039E-001, 1.2593189400161009E-001, 2.5123692991201096E-002, 1.0538240983805736E-002, 4.0735571899995193E-001, 1.8969514000013987E-001
 2.7902008460011984E+000, 2.3823024869996061E+000, 1.7571398779998617E+000, 0.0000000000000000E+000, 6.5061452300028577E-001, 1.3095022999982575E-001, 2.5194842992505073E-002, 1.0401331964885685E-002, 2.9925731999628624E-001, 8.0794900999990205E-002
 2.8223412590007229E+000, 2.4189077809994615E+000, 1.8227910890000203E+000, 0.0000000000000000E+000, 7.3048991800010299E-001, 1.2206605000051240E-001, 2.5057161028144037E-002, 1.0446481000599306E-002, 4.0086768700007269E-001, 1.8317275300000802E-001
