parcel merge (total),find nearest,build graphs,create comm,resolve graphs,MPI allreduce,MPI P2P put,MPI P2P get,MPI P2P sync,MPI graph info
 1.0293881993000355E+001, 8.2523485670003538E+000, 6.6455371119991469E+000, 0.0000000000000000E+000, 2.0743002779997823E+000, 2.2943905299939615E-001, 8.7022513026454362E-002, 3.5816806012803681E-002, 8.0986766999967585E-001, 4.1881325299902983E-001
 1.0626191204000406E+001, 8.5969683869993787E+000, 6.9916838010001356E+000, 0.0000000000000000E+000, 2.1156742639993809E+000, 2.2838556299643642E-001, 8.6276422995752000E-002, 3.5682967009734057E-002, 8.0659290200310352E-001, 4.7853736899946853E-001
 1.0849642971000776E+001, 8.8108210609989328E+000, 7.1733813499988628E+000, 0.0000000000000000E+000, 2.0936045810012729E+000, 2.4092827400113492E-001, 8.7537498937535929E-002, 3.6117394974098715E-002, 8.1566084299242902E-001, 4.7742981199917267E-001
 1.0462692435999543E+001, 8.4326972300023044E+000, 6.8606287250004243E+000, 0.0000000000000000E+000, 2.1712469499991585E+000, 3.6383048699735809E-001, 8.7402746021098210E-002, 3.6237073975144085E-002, 9.3818511999802467E-001, 5.3139104599949860E-001
 1.0596138040001733E+001, 8.5608906769991790E+000, 6.9367747400001463E+000, 0.0000000000000000E+000, 2.0618443070013655E+000, 2.2377381500359661E-001, 8.7288308019878968E-002, 3.6281949992599039E-002, 8.0855346099656344E-001, 4.0804291600011311E-001
