parcel merge (total),find nearest,build graphs,create comm,resolve graphs,MPI allreduce,MPI RMA put,MPI RMA get,MPI RMA sync
 4.4284521039976426E+000, 4.2994976919994770E+000, 1.8137117209996632E+000, 0.0000000000000000E+000, 2.6546031640009460E+000, 4.4325207200654404E-001, 1.4282255629959764E+000, 6.7684079996251967E-001, 1.3935637120025604E+000
 4.2262361159994271E+000, 4.0969554900004823E+000, 1.6255053270026565E+000, 0.0000000000000000E+000, 2.5288133659996674E+000, 4.4340608700031225E-001, 1.4147401790203276E+000, 6.6933083799335691E-001, 1.2926787509998121E+000
 4.2269891770004051E+000, 4.0979934039994532E+000, 1.6303681089991642E+000, 0.0000000000000000E+000, 2.5300287510021917E+000, 4.4302509799672407E-001, 1.4132521430196903E+000, 6.6897804297150287E-001, 1.2974414850011726E+000
 4.3118594159993791E+000, 4.1829148899994379E+000, 1.7102816690005511E+000, 0.0000000000000000E+000, 2.5609982349994880E+000, 4.4183696199957012E-001, 1.4160668550537139E+000, 6.6772815301260380E-001, 1.3293172440066883E+000
 4.2313565349995770E+000, 4.1027992049994282E+000, 1.6458277910001016E+000, 0.0000000000000000E+000, 2.5339761749999070E+000, 4.4054386799734857E-001, 1.4127209210105320E+000, 6.7032264998056235E-001, 1.2981896260039321E+000
