parcel merge (total),find nearest,build graphs,create comm,resolve graphs,MPI allreduce,MPI P2P put,MPI P2P get,MPI P2P sync,MPI graph info
 3.7078035299999783E+000, 3.3603048919992489E+000, 2.3723516329995391E+000, 0.0000000000000000E+000, 1.1484507480004140E+000, 3.6795781200032707E-001, 3.8384855959179731E-002, 1.5653252006700313E-002, 6.4862456200228280E-001, 2.2051474099987445E-001
 3.8891701019999800E+000, 3.5415594070004772E+000, 2.5786681949982722E+000, 0.0000000000000000E+000, 1.2336885869999605E+000, 4.3907569600150964E-001, 3.8254973990888175E-002, 1.5453193018174716E-002, 7.6486734999821238E-001, 3.4584587900121733E-001
 3.7783041580012195E+000, 3.4282338009998057E+000, 2.4400736929983395E+000, 0.0000000000000000E+000, 1.1947678819997236E+000, 4.1106432000356108E-001, 3.7752396033056357E-002, 1.5744292024919559E-002, 6.7407951999712168E-001, 2.6762455199991564E-001
 3.9187396689999332E+000, 3.5310543139996753E+000, 2.5687642720001804E+000, 0.0000000000000000E+000, 1.2428013670007658E+000, 4.7465713900123774E-001, 3.7939463043130672E-002, 1.5393305020779735E-002, 7.5564022499793282E-001, 3.6668644300107189E-001
 3.6095315059992572E+000, 3.2570195330017668E+000, 2.2876019740010634E+000, 0.0000000000000000E+000, 1.1052955440006826E+000, 3.1856211600461393E-001, 3.8166654019732960E-002, 1.5419020019180607E-002, 6.1393814299594851E-001, 1.8227128700004869E-001
