parcel merge (total),find nearest,build graphs,create comm,resolve graphs,MPI allreduce,MPI RMA put,MPI RMA get,MPI RMA sync
 7.2669919600048161E-001, 7.0332400299912479E-001, 1.8208564100029889E-001, 0.0000000000000000E+000, 5.2381825500037849E-001, 1.1288138899897149E-001, 2.3842567499627876E-001, 1.1691523800163850E-001, 3.0962101999853076E-001
 7.0260283000004620E-001, 6.7874775999985104E-001, 1.8212899399986782E-001, 0.0000000000000000E+000, 4.9808771200002866E-001, 1.1217133199977525E-001, 2.1928620599317128E-001, 1.1111649901033616E-001, 2.9955197799938560E-001
 7.0196441900031914E-001, 6.7816697599982945E-001, 1.8001027899924793E-001, 0.0000000000000000E+000, 4.9983173700059069E-001, 1.1186334800117947E-001, 2.1968001500283663E-001, 1.1117519999504566E-001, 3.0199764900021364E-001
 7.0126789599930817E-001, 6.7800649799949042E-001, 1.8762484100022903E-001, 0.0000000000000000E+000, 4.9749912300069354E-001, 1.1137804899885850E-001, 2.1942687000432670E-001, 1.1108833000639606E-001, 3.0105647500022314E-001
 7.0147319700038224E-001, 6.7814876199918217E-001, 1.8282742199983204E-001, 0.0000000000000000E+000, 4.9813578699991012E-001, 1.1176547800187109E-001, 2.2004101099696527E-001, 1.1140554999610686E-001, 3.0140434199813626E-001
