parcel merge (total),find nearest,build graphs,create comm,resolve graphs,MPI allreduce,MPI P2P put,MPI P2P get,MPI P2P sync,MPI graph info
 1.5733725079996930E+000, 1.4182547569993176E+000, 9.4105531100012740E-001, 5.3019342000197867E-002, 4.7374289600065822E-001, 1.4898051800150824E-001, 1.7922013014413096E-002, 8.0005360115364965E-003, 2.2461337700212880E-001, 4.9837684999488374E-002
 1.6170961100003751E+000, 1.4608359619994644E+000, 9.9653128800036939E-001, 5.3967539999916880E-002, 5.1742312699968807E-001, 1.8408733699993718E-001, 1.7603811003823466E-002, 8.0103219922875724E-003, 2.7137250599889740E-001, 8.7876042999823767E-002
 1.5844519080000055E+000, 1.4267815579997887E+000, 9.6192931299970041E-001, 5.3120214000045962E-002, 4.7866563399998086E-001, 1.5220410700203502E-001, 1.7778761014028532E-002, 8.0065509863516127E-003, 2.3640750600088722E-001, 6.6758601999936218E-002
 1.7373100879981394E+000, 1.5791024409998045E+000, 1.1139587340001071E+000, 5.3742410000495511E-002, 5.9517966699945646E-001, 2.6807414800350671E-001, 1.7980424031293296E-002, 7.8780040080346225E-003, 3.3950794599695655E-001, 1.7313591500123948E-001
 1.5767108980014655E+000, 1.4206598349978776E+000, 9.3948492100048497E-001, 5.3830266998829757E-002, 4.7688551399937751E-001, 1.5369919700242463E-001, 1.7890263985918864E-002, 8.0109150094358483E-003, 2.2227734800344479E-001, 5.1417864999166341E-002
