parcel merge (total),find nearest,build graphs,create comm,resolve graphs,MPI allreduce,SHMEM put,SHMEM get,SHMEM sync
 3.3470543099940642E-001, 3.0947626800013950E-001, 2.0383586799971454E-001, 0.0000000000000000E+000, 1.2458273700008249E-001, 4.1551365999225709E-002, 6.1988929965082207E-003, 2.3143629994137882E-002, 7.2892825000280936E-002
 3.1075502899966523E-001, 2.8616502600027616E-001, 1.7701096899952518E-001, 0.0000000000000000E+000, 1.1492675100055294E-001, 4.1245793999564739E-002, 6.3242050074450162E-003, 2.3089147998803128E-002, 6.3509895000265715E-002
 3.1082736999985627E-001, 2.8589902400062783E-001, 1.7746333899970068E-001, 0.0000000000000000E+000, 1.1439606299995830E-001, 4.1232233001778695E-002, 6.1674850051076646E-003, 2.3136765008530347E-002, 6.3393707000045652E-002
 3.1608153800061700E-001, 2.9113298200047666E-001, 1.8681503499976770E-001, 0.0000000000000000E+000, 1.1996752000015931E-001, 4.1209615002117062E-002, 6.1751239969680682E-003, 2.3134772993785191E-002, 6.8520084999704522E-002
 3.1311389000052259E-001, 2.8904332500007968E-001, 1.8241395199959243E-001, 0.0000000000000000E+000, 1.1582969299911383E-001, 4.1221574998758115E-002, 6.2045140095960960E-003, 2.3095077997140834E-002, 6.4333036002267363E-002
