parcel merge (total),find nearest,build graphs,create comm,resolve graphs,MPI allreduce,MPI P2P put,MPI P2P get,MPI P2P sync,MPI graph info
 1.0893121772000541E+001, 8.7940474189992983E+000, 7.1161269629999424E+000, 7.3333732999572021E-002, 2.1700474739998299E+000, 2.8421013500087611E-001, 8.9415350015087824E-002, 3.6792884977558060E-002, 8.0793145599659510E-001, 4.3669068899998820E-001
 1.1178331663999188E+001, 9.0786588859994026E+000, 7.4385408480018214E+000, 7.3333030000412691E-002, 2.4245843649994185E+000, 5.8130440200147859E-001, 8.9867152068791256E-002, 3.7020566042883729E-002, 1.1289633970013710E+000, 7.3475932500036834E-001
 1.1577802391999739E+001, 9.4902441829983673E+000, 7.8829472110014649E+000, 7.3479083000847822E-002, 2.4321486760002244E+000, 5.2922800399801417E-001, 8.8410980071103040E-002, 3.6689923921585432E-002, 9.9146865999750844E-001, 7.3020295599985729E-001
 1.1400293652999608E+001, 9.3159937159985020E+000, 7.7043431670006157E+000, 7.2837409000158004E-002, 2.5163304349996451E+000, 5.8109319999698528E-001, 8.7912326947389374E-002, 3.6679869033605428E-002, 1.0503978390045177E+000, 8.1945435400007227E-001
 1.3698353430999759E+001, 1.1624923764000869E+001, 9.9912021630002528E+000, 7.4658596000290345E-002, 3.6516850200016506E+000, 1.7571152770010485E+000, 9.0158060023895814E-002, 3.7580522970074526E-002, 2.1848890830060554E+000, 1.9271363330005897E+000
