parcel merge (total),find nearest,build graphs,create comm,resolve graphs,MPI allreduce,MPI RMA put,MPI RMA get,MPI RMA sync
 1.6451099130010789E+000, 1.4449296159995129E+000, 8.3496101399930467E-001, 0.0000000000000000E+000, 6.1091055599968058E-001, 4.8561066001525433E-002, 2.9653476099406362E-001, 1.3439626800504811E-001, 1.5631714099777128E-001
 1.5351530479995290E+000, 1.3355182960001457E+000, 8.3782276000033562E-001, 0.0000000000000000E+000, 5.0073827399990023E-001, 4.8871636000626495E-002, 2.0578730199144957E-001, 1.0811460600950795E-001, 1.5318611399720794E-001
 1.5311212289998366E+000, 1.3304934590001949E+000, 8.3508828999981688E-001, 0.0000000000000000E+000, 5.0441956299914636E-001, 4.9088621000350940E-002, 2.1037054998271287E-001, 1.0810438199030159E-001, 1.5328184299607983E-001
 1.5438611819995458E+000, 1.3415359839997336E+000, 8.4336031499924502E-001, 0.0000000000000000E+000, 5.0401924300001610E-001, 4.9496795000663951E-002, 2.0609476298307072E-001, 1.0843383599842582E-001, 1.6172118200063323E-001
 1.5384325569998509E+000, 1.3396244360000082E+000, 8.4357455199972264E-001, 0.0000000000000000E+000, 4.9361904700072046E-001, 4.8914348999232971E-002, 2.0090109499619757E-001, 1.0692225300897462E-001, 1.6203549799922712E-001
