parcel merge (total),find nearest,build graphs,create comm,resolve graphs,MPI allreduce,MPI RMA put,MPI RMA get,MPI RMA sync
 1.5502244959999416E+000, 1.3562089419997392E+000, 8.2932827500019357E-001, 2.6200328000072659E-002, 5.2713078999988738E-001, 4.7558242000604878E-002, 2.0579857100005938E-001, 1.0763689000123122E-001, 1.8764950900254007E-001
 1.6013464930006194E+000, 1.4096541120005668E+000, 8.9461469699904228E-001, 2.6609226000573472E-002, 5.5658931399989342E-001, 4.8176613000578072E-002, 2.0545662500967410E-001, 1.0746652800833090E-001, 2.1705683999937264E-001
 1.5614057650002451E+000, 1.3664272570001685E+000, 8.3503433499947732E-001, 2.6637955999831320E-002, 5.3258670699938193E-001, 4.8008326999593010E-002, 2.0367447598891886E-001, 1.0841588900575516E-001, 1.9328006699856815E-001
 1.5581805390000909E+000, 1.3654109929995002E+000, 8.3123011099996802E-001, 2.6348556000129975E-002, 5.2860673499890254E-001, 4.8119636001160870E-002, 2.0435239599646593E-001, 1.0842705400295927E-001, 1.9052008999676673E-001
 1.5472082989999763E+000, 1.3573311369998464E+000, 8.2845204100067349E-001, 2.6095100999896204E-002, 5.2974611600018306E-001, 4.8195861998465261E-002, 2.0566811500339099E-001, 1.0773427298715887E-001, 1.8805667999981779E-001
