parcel merge (total),find nearest,build graphs,create comm,resolve graphs,MPI allreduce,MPI P2P put,MPI P2P get,MPI P2P sync,MPI graph info
 5.9496021669988295E+000, 5.0755977159988106E+000, 3.7153445709993775E+000, 9.1262567999365274E-002, 1.5631728320006459E+000, 3.7496072700173499E-001, 5.4424430014250902E-002, 2.0933908967208481E-002, 6.9918423199578683E-001, 2.3772720600072716E-001
 6.0810388679999505E+000, 5.2095046569984333E+000, 3.8473929579988635E+000, 9.0373740000131875E-002, 1.5613511269998526E+000, 3.7760141300009309E-001, 5.3653108994240029E-002, 2.0995690975723846E-002, 7.0947628999533663E-001, 2.5009780199866327E-001
 6.2958202969998638E+000, 5.4167357139988326E+000, 4.0764938380009426E+000, 9.2468257001428356E-002, 1.5698969930008388E+000, 3.7269203499636205E-001, 5.3702191943330035E-002, 2.0985253946264493E-002, 7.3011195400863471E-001, 2.6679256799889117E-001
 5.8151478780011985E+000, 4.9523080680007752E+000, 3.5865092479994019E+000, 9.4268413000690998E-002, 1.5204368500017154E+000, 3.6869027800344156E-001, 5.3453288021501066E-002, 2.0901958024069245E-002, 6.7907889699426960E-001, 2.6018873600037296E-001
 6.1090475640000932E+000, 5.2416833159998077E+000, 3.9072158509995916E+000, 9.1775964999214921E-002, 1.5964270589988701E+000, 4.2029990399760209E-001, 5.1939850033022594E-002, 2.0498324007348856E-002, 7.6257167800645220E-001, 3.2176445099935336E-001
