parcel merge (total),find nearest,build graphs,create comm,resolve graphs,MPI allreduce,MPI RMA put,MPI RMA get,MPI RMA sync
 3.6665104599996994E+000, 3.5970976950015938E+000, 1.3011002820019257E+000, 0.0000000000000000E+000, 2.3710861950003164E+000, 4.2466805099979865E-001, 1.2826905160040951E+000, 6.1455800698490748E-001, 1.2503095549968748E+000
 3.6148618080007964E+000, 3.5461353319994942E+000, 1.2865949299994099E+000, 0.0000000000000000E+000, 2.3325255690010636E+000, 4.2294866599968373E-001, 1.2687038460567237E+000, 6.0751628999969398E-001, 1.2259778019990790E+000
 3.6092370649998884E+000, 3.5329748609985927E+000, 1.2686500420013544E+000, 0.0000000000000000E+000, 2.3257788920009261E+000, 4.2218957000068258E-001, 1.2677196259458015E+000, 6.0890130801226405E-001, 1.2220198709962915E+000
 3.6209820189978927E+000, 3.5521366730010868E+000, 1.2610911300014322E+000, 0.0000000000000000E+000, 2.3386225059987282E+000, 4.2537573400068140E-001, 1.2676035680017321E+000, 6.0933537499317936E-001, 1.2311753090018556E+000
 3.6280671989998154E+000, 3.5566749969987086E+000, 1.2887463020006180E+000, 0.0000000000000000E+000, 2.3401508359979744E+000, 4.2418126399934408E-001, 1.2642626930089591E+000, 6.0913094699048997E-001, 1.2351559529990936E+000
