parcel merge (total),find nearest,build graphs,create comm,resolve graphs,MPI allreduce,SHMEM put,SHMEM get,SHMEM sync
 3.2209531430000879E+000, 2.8971059530003913E+000, 2.4146576729990556E+000, 0.0000000000000000E+000, 7.9641141799970683E-001, 1.1357261700163690E-001, 3.5033885026678036E-002, 1.3453379699626566E-001, 4.7514215999797216E-001
 2.9992145690009693E+000, 2.6750137899987294E+000, 2.1858303989997694E+000, 0.0000000000000000E+000, 6.8948253800112980E-001, 1.1467284300010760E-001, 3.5093925972432771E-002, 1.3457194997727129E-001, 3.8114884899869139E-001
 2.9717679930008671E+000, 2.6488677329998609E+000, 2.1661676130004253E+000, 0.0000000000000000E+000, 6.6345600099953117E-001, 1.1326751099841204E-001, 3.4981928981778765E-002, 1.3451650299407447E-001, 3.5480502400173464E-001
 3.2432259840006736E+000, 2.8298467600000095E+000, 2.3561091109997960E+000, 0.0000000000000000E+000, 7.4264671200126031E-001, 1.1261493699998937E-001, 3.5020015951431560E-002, 1.3460705104535009E-001, 4.3706674499708242E-001
 3.1254566890013393E+000, 2.7998817920010879E+000, 2.3201156940003784E+000, 0.0000000000000000E+000, 7.2444247900170922E-001, 1.1325590900310090E-001, 3.4843983058863159E-002, 1.3516327199886291E-001, 4.1565484099828609E-001
