parcel merge (total),find nearest,build graphs,create comm,resolve graphs,MPI allreduce,SHMEM put,SHMEM get,SHMEM sync
 4.6748434180002505E+000, 3.7426374350005744E+000, 3.1225557210008219E+000, 0.0000000000000000E+000, 6.6227738199961550E-001, 9.4707530001187479E-002, 3.2078251007192193E-002, 9.9597839004900379E-002, 1.9169287000045188E-001
 4.6852390680001008E+000, 3.7490271320001511E+000, 3.1400250479999841E+000, 0.0000000000000000E+000, 6.7550072799997452E-001, 1.0129709899968020E-001, 3.1894837990421365E-002, 9.8722250006858303E-002, 2.1670511599972997E-001
 4.6861406580001130E+000, 3.7503127490007273E+000, 3.1129085989991836E+000, 0.0000000000000000E+000, 6.5662345600060235E-001, 1.0278571799926794E-001, 3.1989031957436964E-002, 9.8796331996595654E-002, 1.9357264500183646E-001
 4.6867783549994328E+000, 3.7516238210009760E+000, 3.1277464569998301E+000, 0.0000000000000000E+000, 6.7570356900000661E-001, 9.8695765999991636E-002, 3.1943268960048954E-002, 9.8775324012422061E-002, 2.1815519799361027E-001
 5.3493134730006204E+000, 4.4140542019990789E+000, 3.7988274560009359E+000, 0.0000000000000000E+000, 8.5103000899903236E-001, 1.0976604499887799E-001, 3.1765866051955527E-002, 9.8941285957153013E-002, 3.8044917200363670E-001
