parcel merge (total),find nearest,build graphs,create comm,resolve graphs,MPI allreduce,MPI P2P put,MPI P2P get,MPI P2P sync,MPI graph info
 1.3423655070004088E+000, 1.1373455850012988E+000, 8.2373241599998437E-001, 2.7079098999820417E-002, 2.9209850099982759E-001, 7.0744754000543253E-002, 1.2644831005673041E-002, 5.8972239909280688E-003, 1.0956871300118110E-001, 2.9418231999670752E-002
 1.3481850450003776E+000, 1.1455524499995136E+000, 8.2844589200044538E-001, 2.6788953000391302E-002, 2.9284943199922964E-001, 6.8744498999421921E-002, 1.2765671979309445E-002, 5.8604039954843756E-003, 1.0939039600134493E-001, 3.1793491999906109E-002
 1.3651953350004078E+000, 1.1633877800003347E+000, 8.4694333000004463E-001, 2.7895914999930937E-002, 3.0441022300021814E-001, 6.9909034000716019E-002, 1.2448017986343984E-002, 5.9019849976493788E-003, 1.2451839400034714E-001, 4.5769114000449918E-002
 1.3488777380000556E+000, 1.1466905110002017E+000, 8.2896966000078010E-001, 2.7649157999803720E-002, 2.8885168600061206E-001, 6.7909080999015714E-002, 1.2602489003938899E-002, 5.8617570005026209E-003, 1.1168302700082222E-001, 3.1160198000520722E-002
 1.3379053809992456E+000, 1.1405824169997913E+000, 8.2182382499991036E-001, 2.7474447000258806E-002, 2.8478252300044460E-001, 6.8174415999919802E-002, 1.2791153008038236E-002, 5.8801940099328931E-003, 1.0868658300125844E-001, 2.4589336000758522E-002
