parcel merge (total),find nearest,build graphs,create comm,resolve graphs,MPI allreduce,MPI RMA put,MPI RMA get,MPI RMA sync
 8.8351890600017668E-001, 8.4355338299951654E-001, 2.9211832900023182E-001, 3.9071714999522555E-002, 5.5053286700069748E-001, 1.0436981500083675E-001, 2.4349916599442167E-001, 1.2127098799885516E-001, 3.2526870899710048E-001
 8.8487785300060295E-001, 8.4383989599973575E-001, 2.9301462100022491E-001, 3.9795777000108501E-002, 5.5131861600045795E-001, 1.0515829299947654E-001, 2.4378053000691580E-001, 1.2186128100006499E-001, 3.2515309499956402E-001
 8.8585403300044163E-001, 8.4594943900083308E-001, 3.0562951299998531E-001, 3.9112465000698649E-002, 5.5583795599977748E-001, 1.0479805500096973E-001, 2.4294358901147461E-001, 1.2170914800333321E-001, 3.3006724399979248E-001
 8.8374470699966423E-001, 8.4329355299973940E-001, 2.9860298399944440E-001, 3.9326931999767112E-002, 5.5110906099935164E-001, 1.0483530799922391E-001, 2.4300954900593297E-001, 1.2119817999291627E-001, 3.2387292999726469E-001
 8.9837254899919117E-001, 8.5781176800003323E-001, 3.0771850400014955E-001, 3.9531101000648050E-002, 5.5133708100163403E-001, 1.0462901100015642E-001, 2.4290787200254726E-001, 1.2168433099782305E-001, 3.2664884099642677E-001
