parcel merge (total),find nearest,build graphs,create comm,resolve graphs,MPI allreduce,MPI P2P put,MPI P2P get,MPI P2P sync,MPI graph info
 6.3076355999965017E-001, 5.8875604800005021E-001, 3.2645387999968989E-001, 5.6332463000558164E-002, 2.7201473800027998E-001, 1.0117338199984260E-001, 5.2205799953526366E-003, 2.5472760024740637E-003, 1.4224062100117862E-001, 3.2133627999996861E-002
 6.2128648599980352E-001, 5.7781224199959524E-001, 3.1174385199994958E-001, 5.5738112000426554E-002, 2.6741875800030357E-001, 9.9070465999488988E-002, 5.2521639967153533E-003, 2.5628490012650218E-003, 1.3824475300043559E-001, 2.7533510999774080E-002
 6.2430595499961328E-001, 5.8232724699985283E-001, 3.1578858999966997E-001, 5.7093094000038036E-002, 2.6905679300045904E-001, 9.8652922999576731E-002, 5.2484619980077696E-003, 2.5475080059322863E-003, 1.3976039400279205E-001, 2.8693631000237474E-002
 6.1991956899930756E-001, 5.7749775899981159E-001, 3.1297082299920476E-001, 5.5494578999969235E-002, 2.6753138700019008E-001, 9.8006435000343117E-002, 5.2071739859229638E-003, 2.5517040015756720E-003, 1.3852429199903327E-001, 2.7517161000332635E-002
 6.4362474899962763E-001, 6.0153683800001545E-001, 3.3761872900049639E-001, 5.6177810000122008E-002, 2.7047171100070955E-001, 1.0069075100000191E-001, 5.2091150002979703E-003, 2.5363390061556856E-003, 1.4030192000052466E-001, 3.1304974000022412E-002
