parcel merge (total),find nearest,build graphs,create comm,resolve graphs,MPI allreduce,MPI P2P put,MPI P2P get,MPI P2P sync,MPI graph info
 8.8932090900016192E-001, 8.0317231100048048E-001, 4.9834464099944853E-001, 3.6798628999804350E-002, 2.8240284199932830E-001, 1.0861206899937770E-001, 8.6850880031761335E-003, 4.2899569976952989E-003, 1.5095583499783061E-001, 1.9154484999603483E-002
 8.5066312899971308E-001, 7.6165689200024644E-001, 4.6167469200020150E-001, 3.6830894000672743E-002, 2.8015055399930588E-001, 1.0799682899914842E-001, 8.5991949921435662E-003, 4.3301930045345216E-003, 1.4677733999928932E-001, 2.0277472000657326E-002
 8.5316259000001082E-001, 7.6722833700046067E-001, 4.6312747699926149E-001, 3.6844755999709378E-002, 2.8198824099990816E-001, 1.0867577800047457E-001, 8.5794169996233904E-003, 4.3567719924340054E-003, 1.4936358600061794E-001, 1.8553648999841243E-002
 8.4861149299888439E-001, 7.6184959799923035E-001, 4.5961028700037332E-001, 3.7481827000192425E-002, 2.7963459700026760E-001, 1.0789554500047416E-001, 8.4410489967012836E-003, 4.2979759986110366E-003, 1.4954631999876256E-001, 1.8853998999929900E-002
 8.5180398400098056E-001, 7.6512230399930559E-001, 4.6422438599927318E-001, 3.7251628000262826E-002, 2.8225914099959937E-001, 1.0921461499992802E-001, 8.5401400111777548E-003, 4.3256909968931723E-003, 1.5150182600393691E-001, 2.3197577999781060E-002
