parcel merge (total),find nearest,build graphs,create comm,resolve graphs,MPI allreduce,MPI P2P put,MPI P2P get,MPI P2P sync,MPI graph info
 9.1752709699994739E-001, 8.6233188699952734E-001, 4.4049881599960372E-001, 0.0000000000000000E+000, 4.3160978699938823E-001, 1.2110506299814006E-001, 8.4832350026999848E-003, 4.0255780041889011E-003, 2.5154319199850761E-001, 5.7751305999659053E-002
 9.1107370499958051E-001, 8.5587967199990089E-001, 4.3638306899981671E-001, 0.0000000000000000E+000, 4.2633347299954494E-001, 1.1878856899932089E-001, 8.4458339947559580E-003, 4.0090780120181080E-003, 2.4757456699762770E-001, 5.6493512000656665E-002
 9.1533995199972651E-001, 8.6001842599978318E-001, 4.4051845699982550E-001, 0.0000000000000000E+000, 4.2405413799883718E-001, 1.2035783399926459E-001, 8.4211890107326326E-003, 4.0446500015605125E-003, 2.4913085000071078E-001, 5.6063715000050252E-002
 9.1122828399966238E-001, 8.5590367700046954E-001, 4.3611772000008386E-001, 0.0000000000000000E+000, 4.2604207499971380E-001, 1.1763063499711279E-001, 8.3625999855030386E-003, 4.0383960042618128E-003, 2.4746294899955501E-001, 5.5601441000817431E-002
 9.1098471600048470E-001, 8.5532713699922169E-001, 4.3685711900047863E-001, 0.0000000000000000E+000, 4.2533784600141189E-001, 1.1750194700061911E-001, 8.5337499879187817E-003, 4.0432509867969202E-003, 2.4715989799869931E-001, 5.5662818001337655E-002
