parcel merge (total),find nearest,build graphs,create comm,resolve graphs,MPI allreduce,MPI P2P put,MPI P2P get,MPI P2P sync,MPI graph info
 5.7375875000006999E+000, 4.8808487960006914E+000, 3.5731500240003697E+000, 0.0000000000000000E+000, 1.5042698649995145E+000, 3.2366408800430690E-001, 5.3008545904049242E-002, 2.0851785006698265E-002, 6.9348690799438373E-001, 2.4754692399983469E-001
 6.1370807020005032E+000, 5.2755815230007101E+000, 4.0026615620001849E+000, 0.0000000000000000E+000, 1.6056240089994844E+000, 4.1625386499868000E-001, 5.1765125011343116E-002, 2.0845263982437245E-002, 8.3062284299717248E-001, 4.7240594200206942E-001
 6.0061347090006620E+000, 5.1424069980002969E+000, 3.8314659760001177E+000, 0.0000000000000000E+000, 1.5068841389988847E+000, 3.2646322400023564E-001, 5.3187597022088084E-002, 2.0811406991924741E-002, 7.1582058100284485E-001, 2.3686949299917615E-001
 5.9558917670019582E+000, 5.0952171930002805E+000, 3.7837884909988588E+000, 0.0000000000000000E+000, 1.4893912220011316E+000, 3.1847251999829496E-001, 5.3191571954812389E-002, 2.0859290998714641E-002, 7.1394098400355688E-001, 2.4893879000001107E-001
 5.6933638140001221E+000, 4.8325709440002811E+000, 3.5177645110011326E+000, 0.0000000000000000E+000, 1.5023864379988936E+000, 3.2313611299741751E-001, 5.1986020009053391E-002, 2.0702820002043154E-002, 7.2763020599381889E-001, 2.3923197799877016E-001
