parcel merge (total),find nearest,build graphs,create comm,resolve graphs,MPI allreduce,MPI RMA put,MPI RMA get,MPI RMA sync
 8.1935076790000494E+000, 7.2936902470000859E+000, 4.0051182459997108E+000, 0.0000000000000000E+000, 3.6188912759998857E+000, 4.6249068900056045E-001, 1.7997405630446792E+000, 8.1966098399561815E-001, 1.7973267759955434E+000
 8.2643039089987269E+000, 7.3949009829996157E+000, 4.4435546519998752E+000, 0.0000000000000000E+000, 3.4686012300007860E+000, 4.3352224300133457E-001, 1.5839488370479557E+000, 7.7618323905244324E-001, 1.7951544990032744E+000
 7.6549375700017208E+000, 6.7773602930012657E+000, 3.7980521360000239E+000, 0.0000000000000000E+000, 3.2416615839990754E+000, 4.3579395000233490E-001, 1.5912144720264223E+000, 7.7760142097736207E-001, 1.5566295159972015E+000
 7.5337189290005426E+000, 6.6698053810009696E+000, 3.7141933510010858E+000, 0.0000000000000000E+000, 3.2903553220003232E+000, 4.2893483400143850E-001, 1.5866391130305146E+000, 7.7665267797897286E-001, 1.5838005870064080E+000
 7.8857143019984051E+000, 7.0162731970001460E+000, 4.0874122749989965E+000, 0.0000000000000000E+000, 3.3993487120005739E+000, 4.3102526500001659E-001, 1.5887349079871456E+000, 7.7538103901633804E-001, 1.6747483780027324E+000
