parcel merge (total),find nearest,build graphs,create comm,resolve graphs,MPI allreduce,MPI P2P put,MPI P2P get,MPI P2P sync,MPI graph info
 1.3409961559995054E+000, 1.1332512590001897E+000, 8.6950967900020260E-001, 0.0000000000000000E+000, 2.7699435699946662E-001, 2.1792884002820756E-002, 1.2356055011991884E-002, 5.8551619990794279E-003, 1.4674550999575331E-001, 6.7095747000166739E-002
 1.3005718720006598E+000, 1.0944934480000938E+000, 8.2533082300028582E-001, 0.0000000000000000E+000, 2.4185707600042861E-001, 2.1775454000021455E-002, 1.2501083010988623E-002, 5.8707849924530819E-003, 1.1313065999945593E-001, 3.0372936001185735E-002
 1.3096326039994892E+000, 1.1017893399998684E+000, 8.2966154100051881E-001, 0.0000000000000000E+000, 2.4061061899976721E-001, 2.2324852000224382E-002, 1.2174924999612813E-002, 5.9570059917177787E-003, 1.1034019699889086E-001, 2.6701071999468695E-002
 1.3092401929993684E+000, 1.0999868119999974E+000, 8.2773663700004363E-001, 0.0000000000000000E+000, 2.4786345900042761E-001, 2.2225741999477577E-002, 1.2463905991580759E-002, 5.8452610016956896E-003, 1.1093290800124578E-001, 3.6323004999758268E-002
 1.3055799789993898E+000, 1.0979477180004551E+000, 8.2543690400029845E-001, 0.0000000000000000E+000, 2.4155038600042644E-001, 2.2115413000506123E-002, 1.2277176991005945E-002, 5.8480600152961415E-003, 1.0852074899901254E-001, 2.7585393999743246E-002
