parcel merge (total),find nearest,build graphs,create comm,resolve graphs,MPI allreduce,MPI RMA put,MPI RMA get,MPI RMA sync
 5.3079080939994583E+000, 4.9728012800001125E+000, 2.3253174200012836E+000, 7.6647523999781697E-002, 2.8800597340020886E+000, 4.0668307500186529E-001, 1.4630852819434494E+000, 7.1207272198353166E-001, 1.4108210790036537E+000
 5.2475934999993115E+000, 4.9070305289994849E+000, 2.2339957939991564E+000, 7.6248776000511498E-002, 2.8020653340004174E+000, 4.0691914100148097E-001, 1.4616370539984018E+000, 7.1143269994672664E-001, 1.3572635129962691E+000
 5.6906486869984292E+000, 5.3544746309996754E+000, 2.7128505789996780E+000, 7.3970849000261296E-002, 2.9043581270004779E+000, 4.0467395700147790E-001, 1.4600190570010909E+000, 7.1199986701026319E-001, 1.4439658840037737E+000
 5.3604273880002893E+000, 5.0143964639992191E+000, 2.3497622050017526E+000, 7.5759246001325664E-002, 2.8555834660005530E+000, 4.0870816300184742E-001, 1.4626817150287934E+000, 7.1328522400358452E-001, 1.3857205629933560E+000
 5.3918654359981701E+000, 5.0081513740001355E+000, 2.3566490089981471E+000, 7.5586298000189345E-002, 2.8602464060022612E+000, 4.0518672300254366E-001, 1.4568306049784496E+000, 7.0917177096362138E-001, 1.3946733200082235E+000
