parcel merge (total),find nearest,build graphs,create comm,resolve graphs,MPI allreduce,MPI RMA put,MPI RMA get,MPI RMA sync
 2.4330039320004744E+000, 2.2788359170003787E+000, 1.0040723429996206E+000, 0.0000000000000000E+000, 1.3199624709992577E+000, 2.5428762199999255E-001, 6.7498431498302125E-001, 3.2503261600925271E-001, 6.8439991600394023E-001
 2.4228529750002963E+000, 2.2704393080006184E+000, 9.8936976900006357E-001, 0.0000000000000000E+000, 1.2874763830002394E+000, 2.5131397199993444E-001, 6.5724811499967473E-001, 3.1987012100830725E-001, 6.7364404600027683E-001
 2.3891784790001793E+000, 2.2341277840001794E+000, 9.6209669200061398E-001, 0.0000000000000000E+000, 1.3268481520007072E+000, 2.5180404099910447E-001, 6.5706424100505956E-001, 3.1975733500212300E-001, 7.1031226699972194E-001
 2.4365901270000450E+000, 2.2841077050018157E+000, 1.0303010469990568E+000, 0.0000000000000000E+000, 1.3204426169993440E+000, 2.5237026999866430E-001, 6.5481045604497012E-001, 3.1883585898617639E-001, 7.0993268299616830E-001
 2.6519114479981454E+000, 2.4990356079988487E+000, 1.2418832109988216E+000, 0.0000000000000000E+000, 1.4535159810002369E+000, 2.5235263799982022E-001, 6.5625526195890416E-001, 3.2038558801173167E-001, 8.3931173700420914E-001
