parcel merge (total),find nearest,build graphs,create comm,resolve graphs,MPI allreduce,SHMEM put,SHMEM get,SHMEM sync
 8.1128754200028652E-001, 7.2479124099982073E-001, 5.3759867499979919E-001, 0.0000000000000000E+000, 1.9583102800038432E-001, 5.0728125000432556E-002, 1.1305796007491153E-002, 3.8841658006617763E-002, 9.2710791000172321E-002
 8.2729804799998874E-001, 7.4114498499966430E-001, 5.6336306999969565E-001, 0.0000000000000000E+000, 2.0310463399960099E-001, 5.0680210998848452E-002, 1.1415732012892477E-002, 3.8777201013544982E-002, 1.0156982600096853E-001
 8.2070249100002002E-001, 7.3463234700011526E-001, 5.4642054499993264E-001, 0.0000000000000000E+000, 1.9324233999907392E-001, 5.0561809999749130E-002, 1.1355060986716126E-002, 3.8819602994067282E-002, 9.1137221001190483E-002
 8.3435734399893136E-001, 7.4986868699954812E-001, 5.7047947100022611E-001, 0.0000000000000000E+000, 2.0977892500025064E-001, 5.0708707000012510E-002, 1.1284356003443463E-002, 3.8920861996757594E-002, 1.0762150899677181E-001
 8.8622329499867192E-001, 8.0115040699934070E-001, 6.1662396799988528E-001, 0.0000000000000000E+000, 2.3190651499930937E-001, 5.0874106998890056E-002, 1.1308849993838521E-002, 3.8707199021246197E-002, 1.2916099999961261E-001
