parcel merge (total),find nearest,build graphs,create comm,resolve graphs,MPI allreduce,MPI RMA put,MPI RMA get,MPI RMA sync
 4.3417244319994097E+000, 4.2130394919997798E+000, 1.7273481289994379E+000, 1.0579672399944684E-001, 2.6034114320000299E+000, 4.4328025499817159E-001, 1.4184887188964694E+000, 6.7149496499109773E-001, 1.3590777150013764E+000
 4.3222438779989716E+000, 4.1946242289991460E+000, 1.7074892430005093E+000, 1.0745789199791034E-001, 2.5791632840000602E+000, 4.4260988299674864E-001, 1.4150725960198542E+000, 6.7170781301501847E-001, 1.3363392470043891E+000
 4.3913174940003046E+000, 4.2634759590007434E+000, 1.7819464880003579E+000, 1.0684757199783235E-001, 2.6024368440002945E+000, 4.4319763100111231E-001, 1.4178571580057451E+000, 6.7054315502809914E-001, 1.3622191429979011E+000
 4.3786027650000960E+000, 4.2517347429989059E+000, 1.7589867980011604E+000, 1.0641610600077911E-001, 2.5830710029988495E+000, 4.4362048699690604E-001, 1.4159750569597236E+000, 6.7254723199334876E-001, 1.3336100159990565E+000
 4.3563342689990350E+000, 4.2290769690002890E+000, 1.7337648660000013E+000, 1.0622282800022731E-001, 2.5813487880004686E+000, 4.4256533099655826E-001, 1.4176728790200741E+000, 6.7293662803558618E-001, 1.3366296329952547E+000
