parcel merge (total),find nearest,build graphs,create comm,resolve graphs,MPI allreduce,MPI RMA put,MPI RMA get,MPI RMA sync
 1.3954549510000561E+001, 1.1958394154000416E+001, 6.9361900010007957E+000, 7.2128661999840915E-002, 5.4385449950000293E+000, 8.5679817400182401E-001, 2.6178242050375502E+000, 1.2855036490120710E+000, 2.6883920360014599E+000
 1.5193093625001438E+001, 1.3175920911002549E+001, 8.1853268789980120E+000, 7.2228202000815145E-002, 5.4678699179989962E+000, 8.5881510700050967E-001, 2.6158738480173724E+000, 1.2853848990030201E+000, 2.7430682370065824E+000
 1.4453316761999531E+001, 1.2440828938998266E+001, 7.3941095509992465E+000, 7.1405991000801805E-002, 5.4304357239986984E+000, 8.6549292500126285E-001, 2.5963434389104805E+000, 1.2861073909973584E+000, 2.6558586940020632E+000
 1.4514264050001202E+001, 1.2499359071002573E+001, 7.4949153649999971E+000, 7.2535793000042759E-002, 5.4357930489993578E+000, 8.5166369299895450E-001, 2.6097044879008990E+000, 1.2876196520105623E+000, 2.7115581359960288E+000
 1.4634949142998948E+001, 1.2625653902000749E+001, 7.6155281539997759E+000, 7.4284324000245761E-002, 5.4339155530003609E+000, 8.6723071600067669E-001, 2.5961112561201389E+000, 1.2856602449492129E+000, 2.6639943050051897E+000
