parcel merge (total),find nearest,build graphs,create comm,resolve graphs,MPI allreduce,MPI RMA put,MPI RMA get,MPI RMA sync
 8.4181102119989646E+000, 7.3851296480008841E+000, 3.8569212719987718E+000, 0.0000000000000000E+000, 3.5013936040011231E+000, 4.5845237600155997E-001, 1.9996028079947337E+000, 8.6309765695750684E-001, 1.3245325719969969E+000
 8.2799970210003266E+000, 7.2516921349999848E+000, 3.9015951980006776E+000, 0.0000000000000000E+000, 3.3296166070010713E+000, 4.4868209799847136E-001, 1.8712409620218295E+000, 8.1414006403929307E-001, 1.3126440690036816E+000
 8.2644946720013195E+000, 7.2152822359996662E+000, 3.8768373469986273E+000, 0.0000000000000000E+000, 3.3396248290002859E+000, 4.5674857600283758E-001, 1.8584054009602369E+000, 8.2155433500065556E-001, 1.3229145620043710E+000
 8.2137064109995208E+000, 7.1823909860004278E+000, 3.8482488360007210E+000, 0.0000000000000000E+000, 3.3390971749981873E+000, 4.4961213499982478E-001, 1.8637360069872102E+000, 8.1830482498435231E-001, 1.3152967459991487E+000
 8.2174615099997936E+000, 7.1886876520009082E+000, 3.8419996520001405E+000, 0.0000000000000000E+000, 3.3312027609997585E+000, 4.5721535000097902E-001, 1.8641421879165136E+000, 8.2438977797664847E-001, 1.3156173999966541E+000
