parcel merge (total),find nearest,build graphs,create comm,resolve graphs,MPI allreduce,MPI RMA put,MPI RMA get,MPI RMA sync
 4.8547453170006065E+000, 4.5213510290002432E+000, 2.1556935960004466E+000, 6.5796340001725184E-002, 2.5844731749994025E+000, 4.9624803099595738E-001, 1.0467009100209452E+000, 4.6382242198228596E-001, 1.6240612909989522E+000
 4.8493040449991440E+000, 4.5155314760011152E+000, 2.1520195930006594E+000, 6.5857190999622617E-002, 2.5797113539993006E+000, 4.9596678800116933E-001, 1.0410485810405135E+000, 4.5909018799625301E-001, 1.6216016299988496E+000
 4.8450076550016092E+000, 4.5108724989993334E+000, 2.1534481370001686E+000, 6.6293613997913781E-002, 2.5764848460003122E+000, 4.9417064799604304E-001, 1.0407903730645103E+000, 4.6341817594338863E-001, 1.6208076429975335E+000
 4.8491652120010258E+000, 4.5151130239996746E+000, 2.1554974010002752E+000, 6.4350291001346704E-002, 2.5771814160007125E+000, 4.9560069900394410E-001, 1.0386859619784445E+000, 4.5690150897803505E-001, 1.6184680490048322E+000
 4.8814614470006745E+000, 4.5467169009989448E+000, 2.1826206130008359E+000, 6.6753202999734640E-002, 2.5818511569996190E+000, 4.9553920899961668E-001, 1.0486091330719773E+000, 4.5674334794148308E-001, 1.6236061909960426E+000
