parcel merge (total),find nearest,build graphs,create comm,resolve graphs,MPI allreduce,MPI P2P put,MPI P2P get,MPI P2P sync,MPI graph info
 5.2764045340027224E+000, 5.0031001879979158E+000, 2.6740767379988029E+000, 0.0000000000000000E+000, 4.2720807889986645E+000, 1.3394658460033497E+000, 1.9594364411204879E-001, 7.8104300998347753E-002, 3.1942137329870093E+000, 1.9632731599990620E+000
 5.2701229249992139E+000, 4.9996439470000951E+000, 2.6844163100017795E+000, 0.0000000000000000E+000, 4.2646731369995905E+000, 1.3309275440001329E+000, 1.9555421925588234E-001, 7.8078413903313049E-002, 3.1937028069887674E+000, 1.9626227459989423E+000
 5.2765725269987342E+000, 5.0044546339977387E+000, 2.6821994060037468E+000, 0.0000000000000000E+000, 4.2672047840037521E+000, 1.3334427350009719E+000, 1.9691714610462441E-001, 7.8499644936073310E-002, 3.1959549819957829E+000, 1.9661952570040739E+000
 5.2815052759974606E+000, 5.0090357659978508E+000, 2.6870387470007699E+000, 0.0000000000000000E+000, 4.2691854379977485E+000, 1.3346677969934717E+000, 1.9726374280935488E-001, 7.8497778896689852E-002, 3.1936386699921968E+000, 1.9657890019989281E+000
 5.2702932569995937E+000, 4.9987091489970226E+000, 2.6782519929993214E+000, 0.0000000000000000E+000, 4.2684628669971971E+000, 1.3385800260011820E+000, 1.9851107898466580E-001, 7.8383837867932016E-002, 3.1922332759968413E+000, 1.9634372740033541E+000
