parcel merge (total),find nearest,build graphs,create comm,resolve graphs,MPI allreduce,MPI RMA put,MPI RMA get,MPI RMA sync
 2.2419220894997579E+001, 2.2168961367999600E+001, 2.6621477439994123E+000, 0.0000000000000000E+000, 2.1289863727001375E+001, 4.4384448360046918E+000, 8.6712143751965414E+000, 3.0159279589342987E+000, 1.6858170433989926E+001
 2.2216318312999192E+001, 2.1962464167997041E+001, 2.6588457349989767E+000, 0.0000000000000000E+000, 2.1081710301999919E+001, 4.4033223789974727E+000, 8.4962198698231077E+000, 2.9809939480110188E+000, 1.6684502681004687E+001
 2.2186675929003286E+001, 2.1933986799997001E+001, 2.6518901200001892E+000, 0.0000000000000000E+000, 2.1063574041003449E+001, 4.3926866450046873E+000, 8.5014791479638916E+000, 2.9748928429612533E+000, 1.6676888514999973E+001
 2.2140413949003232E+001, 2.1890730947000975E+001, 2.6517219219958861E+000, 0.0000000000000000E+000, 2.1021059937999780E+001, 4.3821726469973328E+000, 8.5801497219049452E+000, 2.9658907200323483E+000, 1.6644698253993738E+001
 2.2206930955998359E+001, 2.1952248995999526E+001, 2.6571902989994669E+000, 0.0000000000000000E+000, 2.1076165383002262E+001, 4.3987669999810350E+000, 8.5048015730162660E+000, 2.9693320409205626E+000, 1.6683212090999859E+001
