parcel merge (total),find nearest,build graphs,create comm,resolve graphs,MPI allreduce,MPI RMA put,MPI RMA get,MPI RMA sync
 1.1472565399999439E+000, 1.1161807620005675E+000, 3.2756305500038252E-001, 1.1310959800107412E-001, 7.9184101200075929E-001, 1.4192436599887515E-001, 3.5428576700473968E-001, 1.4584950700805166E-001, 4.9475937400393377E-001
 1.1483578649992978E+000, 1.1169468199998391E+000, 3.3276003199853221E-001, 1.1344467900062227E-001, 7.8692351399899962E-001, 1.4112838500091129E-001, 3.4732547001635794E-001, 1.4487357699749737E-001, 4.9105709199625380E-001
 1.1526031930000045E+000, 1.1220989999999347E+000, 3.3077667499924246E-001, 1.1158171800070704E-001, 7.9491136199999346E-001, 1.4150882500121043E-001, 3.4454786099695411E-001, 1.4521997099905093E-001, 4.9769658100149172E-001
 1.1483084970000164E+000, 1.1172269220000999E+000, 3.3435035700040316E-001, 1.1270626300097319E-001, 7.8649708900184123E-001, 1.4302520300179822E-001, 3.4554761597632933E-001, 1.4583565701877887E-001, 4.8787188400319792E-001
 1.1476614719990721E+000, 1.1157431010010441E+000, 3.3154279300424605E-001, 1.1385695299895815E-001, 7.8748566100057360E-001, 1.4293063599825473E-001, 3.4791570599236366E-001, 1.4475953401461084E-001, 4.8920607900072355E-001
