parcel merge (total),find nearest,build graphs,create comm,resolve graphs,MPI allreduce,MPI P2P put,MPI P2P get,MPI P2P sync,MPI graph info
 4.8718460100099037E-001, 4.5760307399882549E-001, 2.9667028399944684E-001, 0.0000000000000000E+000, 1.7063094399918555E-001, 4.7691844003111328E-002, 5.7411519951529044E-003, 3.0693730009261344E-003, 9.7558435002611077E-002, 2.0511161000285938E-002
 4.9558709000007184E-001, 4.6563016299887749E-001, 3.0548862099908547E-001, 0.0000000000000000E+000, 1.6935058099966227E-001, 4.6640162997164225E-002, 5.5882579895296658E-003, 3.0323729749852646E-003, 9.7072171995250756E-002, 2.0094509000500693E-002
 4.9183684000036010E-001, 4.6179631300105939E-001, 3.0078131499908523E-001, 0.0000000000000000E+000, 1.7091091299926120E-001, 4.7940258996732155E-002, 5.6042759956653754E-003, 3.0276959835191519E-003, 9.7721038999907250E-002, 2.0745649000446065E-002
 4.8269620700011728E-001, 4.5313426700158743E-001, 2.9381840000041848E-001, 0.0000000000000000E+000, 1.6855589599936138E-001, 4.6207372000935720E-002, 5.6657650047782226E-003, 3.0410050096634222E-003, 9.6529383996994511E-002, 2.0444328997655248E-002
 4.8896902199794567E-001, 4.6000226499950259E-001, 3.0037547300094047E-001, 0.0000000000000000E+000, 1.6925041700028487E-001, 4.6618390999356052E-002, 5.6496439947295585E-003, 3.0205630032469344E-003, 9.7554582999009654E-002, 2.0420947000957312E-002
