parcel merge (total),find nearest,build graphs,create comm,resolve graphs,MPI allreduce,MPI P2P put,MPI P2P get,MPI P2P sync,MPI graph info
 3.7868431667000095E+001, 3.4599111859996810E+001, 1.9084301468000376E+001, 0.0000000000000000E+000, 3.1346969268002795E+001, 9.9999141909975151E+000, 1.6778645961626353E+000, 6.6747578759395765E-001, 2.3060690936985793E+001, 1.5267909789997702E+001
 3.7876226958996995E+001, 3.4606490288000714E+001, 1.9147518821002450E+001, 0.0000000000000000E+000, 3.1310387026999706E+001, 1.0015438283001913E+001, 1.6745090084045842E+000, 6.6530337679569129E-001, 2.3082965530989895E+001, 1.5304470680995564E+001
 3.7921410672000093E+001, 3.4643684105999967E+001, 1.9151189884000019E+001, 0.0000000000000000E+000, 3.1359486764000167E+001, 9.9580640229998210E+000, 1.6923806849874836E+000, 6.7320393299894477E-001, 2.3075405736999556E+001, 1.5314086328999991E+001
 3.7913368206000200E+001, 3.4635285400000498E+001, 1.9173719303999974E+001, 0.0000000000000000E+000, 3.1317135523999696E+001, 9.9556162629982055E+000, 1.6787964739969539E+000, 6.6725030102509209E-001, 2.3032317756001135E+001, 1.5304719902999523E+001
 3.7865099846000248E+001, 3.4589653446999819E+001, 1.9139449789999162E+001, 0.0000000000000000E+000, 3.1329371390000460E+001, 9.9852553929977148E+000, 1.6796100260730782E+000, 6.6641973477089778E-001, 2.3016478040005495E+001, 1.5281391118999863E+001
