parcel merge (total),find nearest,build graphs,create comm,resolve graphs,MPI allreduce,MPI RMA put,MPI RMA get,MPI RMA sync
 4.1139623020017098E+000, 4.0128303520009467E+000, 9.7184014799995566E-001, 0.0000000000000000E+000, 3.6477743419959552E+000, 7.4128370199514393E-001, 1.5569033218939694E+000, 5.8944926694039168E-001, 2.9065643339968119E+000
 3.9526202690012724E+000, 3.8534381300019049E+000, 9.7056907299884188E-001, 0.0000000000000000E+000, 3.4912260480023178E+000, 7.1477558499691440E-001, 1.4217531431413590E+000, 5.5461522095902183E-001, 2.7791609729970332E+000
 3.9418269140019220E+000, 3.8431061099990984E+000, 9.7083384900179226E-001, 0.0000000000000000E+000, 3.4794527039962304E+000, 7.1114595100925726E-001, 1.4230850619646844E+000, 5.5460067703688765E-001, 2.7749232070113976E+000
 3.9400590140012355E+000, 3.8407549190019381E+000, 9.7173237800052448E-001, 0.0000000000000000E+000, 3.4771358899997722E+000, 7.0939088500108483E-001, 1.4317275140288075E+000, 5.5404863298326745E-001, 2.7735603820137840E+000
 3.9390314989996114E+000, 3.8400969890021770E+000, 9.7870332099773805E-001, 0.0000000000000000E+000, 3.4691209940006047E+000, 7.0554846399727467E-001, 1.4348976850083091E+000, 5.5804332008210622E-001, 2.7636021579951375E+000
