parcel merge (total),find nearest,build graphs,create comm,resolve graphs,MPI allreduce,MPI P2P put,MPI P2P get,MPI P2P sync,MPI graph info
 1.1887637459985854E+000, 1.1325647800008483E+000, 6.4864048199797253E-001, 0.0000000000000000E+000, 8.5990063899953384E-001, 1.8874706300584876E-001, 3.5075631116797013E-002, 1.4639466983680904E-002, 5.5923160199836275E-001, 3.7326134899967656E-001
 1.1994015569998737E+000, 1.1402122019972012E+000, 6.4851937600087695E-001, 0.0000000000000000E+000, 8.6711235699794997E-001, 1.9378188000064256E-001, 3.5718704990358674E-002, 1.4880146047744347E-002, 5.5871673300271141E-001, 3.7367592599775890E-001
 1.2114916749997064E+000, 1.1558715800015307E+000, 6.6256969300047786E-001, 0.0000000000000000E+000, 8.6901356300086263E-001, 1.9062671500523720E-001, 3.5318213902428397E-002, 1.4822169048784417E-002, 5.6039674999146882E-001, 3.7322045899691147E-001
 1.1917904139968414E+000, 1.1364287080027680E+000, 6.5339844899699528E-001, 0.0000000000000000E+000, 8.5963345799973467E-001, 1.8893343600893786E-001, 3.5303869096878771E-002, 1.4732646056017984E-002, 5.5793379799888498E-001, 3.7339579799936473E-001
 1.1938955569989957E+000, 1.1384919809975145E+000, 6.5443835599944578E-001, 0.0000000000000000E+000, 8.5951397600001656E-001, 1.8895974100087187E-001, 3.5452119014280470E-002, 1.4697813991460862E-002, 5.6041919400104234E-001, 3.7347941600137347E-001
