parcel merge (total),find nearest,build graphs,create comm,resolve graphs,MPI allreduce,MPI RMA put,MPI RMA get,MPI RMA sync
 2.6571547297998222E+001, 2.5543776836998859E+001, 7.2532870230006665E+000, 0.0000000000000000E+000, 2.3998578365999492E+001, 4.6187221219906860E+000, 9.4760873776854169E+000, 3.5977646912742784E+000, 1.9380253608998373E+001
 2.6439961478999521E+001, 2.5407175063005525E+001, 7.2329723630009539E+000, 0.0000000000000000E+000, 2.3885954367999148E+001, 4.5946309469995867E+000, 9.5021036832577011E+000, 3.5826233808606958E+000, 1.9291218405990094E+001
 2.6454363934001321E+001, 2.5423224119000224E+001, 7.2764827129999503E+000, 0.0000000000000000E+000, 2.3852002100000391E+001, 4.5769909009968615E+000, 9.4667414928958351E+000, 3.5590042499620722E+000, 1.9275331227983770E+001
 2.6442435423999541E+001, 2.5414297377999446E+001, 7.2608367820021158E+000, 0.0000000000000000E+000, 2.3862763983999685E+001, 4.5778699740030788E+000, 9.4428208903314044E+000, 3.5630021970459893E+000, 1.9284985709015928E+001
 2.6462986564999483E+001, 2.5432213362003040E+001, 7.2829594860013458E+000, 0.0000000000000000E+000, 2.3860354645002189E+001, 4.5807333080001627E+000, 9.5161427029574952E+000, 3.5640043779608277E+000, 1.9280245262012158E+001
