parcel merge (total),find nearest,build graphs,create comm,resolve graphs,MPI allreduce,MPI P2P put,MPI P2P get,MPI P2P sync,MPI graph info
 8.2838753750033902E+000, 7.8064276010018148E+000, 4.3914596150011675E+000, 0.0000000000000000E+000, 6.8471943010017640E+000, 1.3117832239995550E+000, 3.3882105194152246E-001, 1.3371617286929904E-001, 4.5331264539709082E+000, 3.3152263039960417E+000
 8.3086428519986839E+000, 7.8284781520028446E+000, 4.4056132149989935E+000, 0.0000000000000000E+000, 6.8469249859999763E+000, 1.2952323970039288E+000, 3.4267021103005391E-001, 1.3392704594707538E-001, 4.5386988629866210E+000, 3.3080258049981239E+000
 8.2692031500000667E+000, 7.7915213409983153E+000, 4.3691546560025927E+000, 0.0000000000000000E+000, 6.8411188899972331E+000, 1.2898633950126168E+000, 3.4496475586638553E-001, 1.3537681896013964E-001, 4.5427702429933561E+000, 3.3157573579974269E+000
 8.3338143230007518E+000, 7.8549866240005031E+000, 4.4097203179985627E+000, 0.0000000000000000E+000, 6.8860842250001042E+000, 1.3318874590031555E+000, 3.4044675820541670E-001, 1.3336054789124319E-001, 4.5535809559955851E+000, 3.3195951169973341E+000
 8.2651742230000309E+000, 7.7873188589996971E+000, 4.3641522080024515E+000, 0.0000000000000000E+000, 6.8341490809984862E+000, 1.2896871490161175E+000, 3.4201178289777090E-001, 1.3411814492565099E-001, 4.5380600030166534E+000, 3.3006781399999454E+000
