parcel merge (total),find nearest,build graphs,create comm,resolve graphs,MPI allreduce,MPI P2P put,MPI P2P get,MPI P2P sync,MPI graph info
 6.8075930909000817E+001, 6.1876281241003653E+001, 3.2733095288002005E+001, 4.2160842899875206E-001, 4.3278226368999185E+001, 9.6273804430070413E+000, 3.1349603042799572E+000, 1.2198798581448500E+000, 2.3791657529010536E+001, 1.4941462487001445E+001
 6.7527008004999971E+001, 6.1328176187999361E+001, 3.2356783511002050E+001, 4.3071807499745773E-001, 4.3131386119999661E+001, 9.5413273009876320E+000, 3.1491366778250267E+000, 1.2294633931255703E+000, 2.3878204607995940E+001, 1.4994573471001331E+001
 6.7501914191999276E+001, 6.1289161899000533E+001, 3.2391722270999480E+001, 4.2825129800030481E-001, 4.3066172139000059E+001, 9.5299492439955884E+000, 3.1337340960189977E+000, 1.2252181069354720E+000, 2.3758909045995551E+001, 1.4968536684999890E+001
 6.7662763374000406E+001, 6.1459199934000253E+001, 3.2436009395999690E+001, 4.2316123699902164E-001, 4.3158659114000102E+001, 9.5942420590049551E+000, 3.1341495141896303E+000, 1.2180371459648995E+000, 2.3818211060988460E+001, 1.4996498722000979E+001
 6.7545087194000189E+001, 6.1349921871999413E+001, 3.2370288646002336E+001, 4.2496767399870805E-001, 4.3123182794000513E+001, 9.5935807300056695E+000, 3.1230502745138438E+000, 1.2213440662662833E+000, 2.3728831072010053E+001, 1.4947029457999179E+001
