parcel merge (total),find nearest,build graphs,create comm,resolve graphs,MPI allreduce,MPI P2P put,MPI P2P get,MPI P2P sync,MPI graph info
 5.8245247279985506E+000, 4.7517612860008285E+000, 3.8876918229998410E+000, 1.1863371000026746E-001, 9.0455103599992981E-001, 1.6124720599918874E-001, 4.3974753011298162E-002, 1.9878496961155179E-002, 3.0903076299682652E-001, 9.9810048998961065E-002
 5.8587411889998293E+000, 4.7898255350003183E+000, 3.9295437499995387E+000, 1.1716221400115501E-001, 9.0322236499969222E-001, 1.6182905599953301E-001, 4.3633285012901979E-002, 2.0352478966515264E-002, 3.2133957700148130E-001, 1.0251137200020821E-001
 5.7991742850006176E+000, 4.7320660699986092E+000, 3.9076660890004860E+000, 1.1635304099900168E-001, 8.6479357600069306E-001, 1.3261784900191742E-001, 4.3411530998582748E-002, 1.9784971980925548E-002, 3.0710050700167812E-001, 1.0901172300077633E-001
 5.8559203939998952E+000, 4.7745576879992768E+000, 3.9035718130000987E+000, 1.1809817400012435E-001, 9.1283535700063112E-001, 1.6394927100054701E-001, 4.3675242019617144E-002, 1.9833471982565243E-002, 3.0610909200026981E-001, 1.0333265800045410E-001
 5.8897069559995998E+000, 4.8182216410018555E+000, 3.9819408170005772E+000, 1.2202822499943977E-001, 8.6436695899988081E-001, 1.3899409499776993E-001, 4.3348588060553084E-002, 1.9933440990598683E-002, 2.9673230799971861E-001, 9.3933548000677547E-002
