parcel merge (total),find nearest,build graphs,create comm,resolve graphs,MPI allreduce,MPI RMA put,MPI RMA get,MPI RMA sync
 6.0413056539996433E+000, 5.8716077519997043E+000, 1.8645874060008509E+000, 0.0000000000000000E+000, 4.0891381640000191E+000, 6.3811616700002105E-001, 2.3739855760134105E+000, 9.5367719400599071E-001, 2.1288675829977137E+000
 5.8079270789992279E+000, 5.6285918310004490E+000, 1.8591530560004230E+000, 0.0000000000000000E+000, 3.8504342500004896E+000, 6.5313982000020587E-001, 2.1891797279852199E+000, 9.1989831800583488E-001, 2.0417204730006233E+000
 5.7939388079994387E+000, 5.6229403169995749E+000, 1.8622535059989787E+000, 0.0000000000000000E+000, 3.8461083550018884E+000, 6.4673552099566223E-001, 2.1908006089979608E+000, 9.1448064598034762E-001, 2.0485162510062764E+000
 5.8076882910008862E+000, 5.6407841690004261E+000, 1.8606339899997693E+000, 0.0000000000000000E+000, 3.8632943149996208E+000, 6.4313695800092319E-001, 2.1814092170125150E+000, 9.1730022496835772E-001, 2.0651712129990756E+000
 5.8515720849979971E+000, 5.6826901340009499E+000, 1.9112034750012299E+000, 0.0000000000000000E+000, 3.8556210679998912E+000, 6.3592978999690786E-001, 2.1767669769185432E+000, 9.1667600699702234E-001, 2.0693498650009587E+000
