parcel merge (total),find nearest,build graphs,create comm,resolve graphs,MPI allreduce,MPI P2P put,MPI P2P get,MPI P2P sync,MPI graph info
 2.9964659970003140E+000, 2.5744017600009101E+000, 2.0715094630002113E+000, 0.0000000000000000E+000, 5.3166265900199505E-001, 6.3212239999984376E-002, 2.4205713001720142E-002, 1.1827888986545076E-002, 2.1331213399571425E-001, 8.4667605001868651E-002
 3.0115924219992394E+000, 2.5878343229987877E+000, 2.0849655689985411E+000, 0.0000000000000000E+000, 5.2974847200221120E-001, 6.1849711999002466E-002, 2.4318450967712124E-002, 1.1727152977528021E-002, 2.1722094100573486E-001, 8.3268851001093935E-002
 2.9983379339992098E+000, 2.5765604230007284E+000, 2.0800934169999437E+000, 0.0000000000000000E+000, 5.2535473600073601E-001, 6.2549497001555210E-002, 2.4474583001392602E-002, 1.1822158036693509E-002, 2.1647919899601220E-001, 8.1658960000595471E-002
 3.0302286120004283E+000, 2.6045549009995739E+000, 2.1096907110018037E+000, 0.0000000000000000E+000, 5.3685851299860587E-001, 6.3394386000709346E-002, 2.4395112034198974E-002, 1.1764911003865564E-002, 2.2123217699572706E-001, 8.3805114997630881E-002
 3.0362005559977661E+000, 2.6095418610002525E+000, 2.1068902180027180E+000, 0.0000000000000000E+000, 5.3446053599918741E-001, 6.3097259996993671E-002, 2.4315224964539084E-002, 1.1817793953014188E-002, 2.1874665899713364E-001, 8.5239307999017910E-002
