parcel merge (total),find nearest,build graphs,create comm,resolve graphs,MPI allreduce,MPI RMA put,MPI RMA get,MPI RMA sync
 1.0717089301300075E+002, 1.0416471073699677E+002, 1.9165764013997887E+001, 3.7123320599857834E-001, 9.7354946224001196E+001, 1.8537109335994046E+001, 3.9285709825380309E+001, 1.3617274878965418E+001, 7.6192555713007550E+001
 1.0705265401899806E+002, 1.0404312228899562E+002, 1.9150994568997248E+001, 3.6481723200085980E-001, 9.7282599365998976E+001, 1.8526227518012547E+001, 3.9057819932614620E+001, 1.3536251608151360E+001, 7.6123368559003666E+001
 1.0684296217299982E+002, 1.0383820149899952E+002, 1.9120035161999795E+001, 3.6203456300029302E-001, 9.7086429558999725E+001, 1.8500280438001710E+001, 3.9491229189166575E+001, 1.3620779819013251E+001, 7.5973039194000307E+001
 1.0692491002100087E+002, 1.0391673667599957E+002, 1.9119048594999413E+001, 3.7186322000025029E-001, 9.7194720991999702E+001, 1.8513506099997585E+001, 3.9056734044031373E+001, 1.3494340222139272E+001, 7.6064924515004122E+001
 1.0709666465100031E+002, 1.0409409889999961E+002, 1.9115198732002000E+001, 3.6512665099894548E-001, 9.7364609241000608E+001, 1.8523192731999416E+001, 3.9313955987158351E+001, 1.3624867571928689E+001, 7.6238655363996941E+001
