parcel merge (total),find nearest,build graphs,create comm,resolve graphs,MPI allreduce,MPI P2P put,MPI P2P get,MPI P2P sync,MPI graph info
 6.4965727199978573E-001, 5.9604988599994613E-001, 4.2485005000025922E-001, 0.0000000000000000E+000, 1.8586999900117007E-001, 3.8692499997978302E-002, 6.2957249735973164E-003, 3.1456679921575414E-003, 1.0373749000223143E-001, 2.8222485000014785E-002
 6.4491417099952741E-001, 5.9120714199957547E-001, 4.2022588599866140E-001, 0.0000000000000000E+000, 1.8577154899958259E-001, 3.8586986004020218E-002, 6.3648180052950920E-003, 3.1838890047310997E-003, 1.0299584100312131E-001, 2.8113596000139296E-002
 6.4784494999889830E-001, 5.9277586499842982E-001, 4.1951598800142165E-001, 0.0000000000000000E+000, 1.8813982500091697E-001, 4.0125894000766493E-002, 6.4178659913523006E-003, 3.2247380054286623E-003, 1.0378268499584919E-001, 2.8050797999412680E-002
 6.5636115799952677E-001, 6.0184388700145064E-001, 4.2907329699983165E-001, 0.0000000000000000E+000, 1.8735578900100336E-001, 3.8785129998586854E-002, 6.2474350063439488E-003, 3.1400840066453384E-003, 1.0355047900316094E-001, 2.8876571999489897E-002
 6.4332833899970865E-001, 5.8953041599920653E-001, 4.1787896199957686E-001, 0.0000000000000000E+000, 1.8561538900144114E-001, 3.9068999000392068E-002, 6.3402380446859752E-003, 3.2034810051300155E-003, 1.0246121300201594E-001, 2.7874046000079034E-002
