parcel merge (total),find nearest,build graphs,create comm,resolve graphs,MPI allreduce,MPI RMA put,MPI RMA get,MPI RMA sync
 2.4371683204002238E+001, 2.4120082022998758E+001, 2.6917895840001620E+000, 1.8259389099648615E-001, 2.2816616325998439E+001, 4.3530668760004119E+000, 8.6433793258779588E+000, 3.0070106329362716E+000, 1.8018984462008120E+001
 2.4378622564000580E+001, 2.4127248157998565E+001, 2.6898948420007400E+000, 2.0572073400080626E-001, 2.2826367223000034E+001, 4.3639851200014164E+000, 8.6774339671133021E+000, 3.0134656329928475E+000, 1.8017384930003573E+001
 2.4410923125002228E+001, 2.4157287216999975E+001, 2.6967981620018691E+000, 1.8199560700031725E-001, 2.2857398651001404E+001, 4.3702879310003482E+000, 8.6675274470085242E+000, 3.0258952819531260E+000, 1.8043200126018291E+001
 2.4333297795998533E+001, 2.4082041057000879E+001, 2.6862274390014136E+000, 2.0226287200057413E-001, 2.2787252056999478E+001, 4.3572212449871586E+000, 8.6435997570015388E+000, 3.0147771370816372E+000, 1.7983713318007176E+001
 2.4386703027003023E+001, 2.4134657642995535E+001, 2.6940454840014354E+000, 1.8684457399558596E-001, 2.2831444564001231E+001, 4.3584007559966267E+000, 8.6653833939571996E+000, 3.0145169941079075E+000, 1.8027033920997383E+001
