parcel merge (total),find nearest,build graphs,create comm,resolve graphs,MPI allreduce,MPI P2P put,MPI P2P get,MPI P2P sync,MPI graph info
 3.6562974149998695E+000, 3.2787613549999151E+000, 2.5804639879999911E+000, 1.7601214599997661E-001, 8.9708313699989617E-001, 2.8292837299937901E-001, 4.6461255005482371E-002, 2.0282145999374279E-002, 3.7889612099974102E-001, 1.8526289200008250E-001
 3.7380418190004434E+000, 3.3589746129999867E+000, 2.6560005819999333E+000, 1.6825776599984010E-001, 9.0887482500011174E-001, 2.9019913300015787E-001, 4.2296027992222207E-002, 2.0122876996310879E-002, 3.7571352199859120E-001, 1.8100199299982478E-001
 3.6572480889994949E+000, 3.2814704669996217E+000, 2.5640438349995520E+000, 1.7867875599984018E-001, 9.1380910599923482E-001, 3.0288105199917936E-001, 4.2575651990773622E-002, 2.0281446994317776E-002, 3.7239323399876412E-001, 1.8964444600021579E-001
 3.6449047180002481E+000, 3.2642145080002365E+000, 2.5638403240012622E+000, 1.6784221600016735E-001, 8.9495662699903278E-001, 2.8086616399946251E-001, 4.2158844006280560E-002, 2.0178884993470092E-002, 3.7557979599853297E-001, 1.8582115699973656E-001
 3.6649797210006909E+000, 3.2844219410001187E+000, 2.5657529009995415E+000, 1.7956479199983733E-001, 9.1890993999936654E-001, 2.9173778600261357E-001, 4.2768147991637306E-002, 2.0410817967785988E-002, 3.7597866400346902E-001, 1.8491030900031546E-001
