parcel merge (total),find nearest,build graphs,create comm,resolve graphs,MPI allreduce,MPI P2P put,MPI P2P get,MPI P2P sync,MPI graph info
 1.6034471429993573E+000, 1.5031415589978678E+000, 9.7027741999818318E-001, 0.0000000000000000E+000, 1.1636766390020057E+000, 1.7822728700093649E-001, 4.2529484053829947E-002, 1.7787784036499943E-002, 5.1587106099395896E-001, 5.7606515899760780E-001
 1.5911473580003985E+000, 1.4919545120005751E+000, 9.6265388299980259E-001, 0.0000000000000000E+000, 1.1603632360020129E+000, 1.7758927099566790E-001, 4.2505618926952593E-002, 1.7711313867494027E-002, 5.1418918399667746E-001, 5.7634895699993649E-001
 1.6053554700001769E+000, 1.5042139280026277E+000, 9.6996817000217561E-001, 0.0000000000000000E+000, 1.1653286349983318E+000, 1.7885309599387256E-001, 4.2707550987870491E-002, 1.7787166969810642E-002, 5.2184742599229139E-001, 5.7645793899837372E-001
 1.5940249500004029E+000, 1.4940200440009903E+000, 9.6431646299743079E-001, 0.0000000000000000E+000, 1.1607299749985032E+000, 1.7381604300226172E-001, 4.2336482023074495E-002, 1.7671826966761728E-002, 5.1631309198683084E-001, 5.7644186499874195E-001
 1.6107935350019034E+000, 1.5078764010022496E+000, 9.7199359000023833E-001, 0.0000000000000000E+000, 1.1701515360023222E+000, 1.8207827599371740E-001, 4.2665687027238164E-002, 1.7716120036311622E-002, 5.1970605200176578E-001, 5.7729981199963731E-001
