parcel merge (total),find nearest,build graphs,create comm,resolve graphs,MPI allreduce,MPI RMA put,MPI RMA get,MPI RMA sync
 2.1229883139985759E+000, 1.8934955409999930E+000, 1.0481680889997733E+000, 0.0000000000000000E+000, 8.4644901600086087E-001, 7.3956097998006953E-002, 4.3102472497957933E-001, 1.9055293299379628E-001, 2.1982918700314258E-001
 1.9767383520013482E+000, 1.7441613899998174E+000, 1.0817356999991716E+000, 0.0000000000000000E+000, 6.6637963099788067E-001, 7.3707578998892131E-002, 2.8538475100253891E-001, 1.5220676600188199E-001, 2.2186604600233295E-001
 1.9422373430002153E+000, 1.7092308629994477E+000, 1.0459564769998906E+000, 0.0000000000000000E+000, 6.6430730799902449E-001, 7.3126258001821043E-002, 2.8742754998370401E-001, 1.5352665397335841E-001, 2.2105942999701256E-001
 1.9354145390000213E+000, 1.7062956910008324E+000, 1.0492003540000496E+000, 0.0000000000000000E+000, 6.6106996799931039E-001, 7.2109195999246367E-002, 2.8184441101666380E-001, 1.5159428598235536E-001, 2.1695672000123523E-001
 1.9663293500000236E+000, 1.7359226599999147E+000, 1.0746187890008514E+000, 0.0000000000000000E+000, 6.6372306799871694E-001, 7.3945531999925151E-002, 2.8739735097701669E-001, 1.5278039398936016E-001, 2.2001249000481948E-001
