parcel merge (total),find nearest,build graphs,create comm,resolve graphs,MPI allreduce,MPI P2P put,MPI P2P get,MPI P2P sync,MPI graph info
 1.2394645506998586E+001, 1.1315772025999649E+001, 7.2679003530020054E+000, 0.0000000000000000E+000, 9.8921725079994758E+000, 1.1783261890000176E+000, 3.9356732969463337E-001, 1.5730348513307035E-001, 4.3094227809979202E+000, 5.4670490929988773E+000
 1.2384580013001141E+001, 1.1307917853998333E+001, 7.2509296220032411E+000, 0.0000000000000000E+000, 9.8838919560002978E+000, 1.1846575500026120E+000, 3.9226555411096342E-001, 1.5614158215976204E-001, 4.2803474380020816E+000, 5.4684323890010091E+000
 1.2407975521998196E+001, 1.1322938415997669E+001, 7.2699192350000885E+000, 0.0000000000000000E+000, 9.9001238059995558E+000, 1.1640733859890133E+000, 3.9377969619317810E-001, 1.5702453961921492E-001, 4.3008781649846242E+000, 5.4808470219982155E+000
 1.2397598097999435E+001, 1.1316285284000514E+001, 7.2659927360036818E+000, 0.0000000000000000E+000, 9.8917515279990766E+000, 1.1804637030099911E+000, 3.9575041976604552E-001, 1.5730213018150607E-001, 4.2843930470075975E+000, 5.4787950990007630E+000
 1.2387330408001617E+001, 1.1308819444000164E+001, 7.2719130440013942E+000, 0.0000000000000000E+000, 9.8817303260020708E+000, 1.1604680590075986E+000, 3.9862708198643304E-001, 1.5915058096925350E-001, 4.2955923239810545E+000, 5.4675955870002326E+000
