parcel merge (total),find nearest,build graphs,create comm,resolve graphs,MPI allreduce,MPI P2P put,MPI P2P get,MPI P2P sync,MPI graph info
 6.1591163180000876E+000, 5.2047859809999864E+000, 4.3423205170024630E+000, 0.0000000000000000E+000, 1.4477523959990322E+000, 2.8711556799817117E-001, 5.8128010040945810E-002, 2.7295503959066991E-002, 6.7394522898985088E-001, 4.1676139099763532E-001
 6.0822208559970932E+000, 5.1310730859986506E+000, 4.2633699109996996E+000, 0.0000000000000000E+000, 1.3224251870001353E+000, 2.5860097099712220E-001, 5.7188345014310471E-002, 2.7227303098698030E-002, 5.9273818799465516E-001, 3.1375081499663793E-001
 6.0411664309972366E+000, 5.0943337329986207E+000, 4.2036730480017468E+000, 0.0000000000000000E+000, 1.3576715190006325E+000, 2.4207414999136745E-001, 5.7309376084958785E-002, 2.7174211993042263E-002, 5.7420737901657048E-001, 4.0152584199995545E-001
 6.1018205330010460E+000, 5.1568538370006536E+000, 4.2590388980001990E+000, 0.0000000000000000E+000, 1.3550185790027172E+000, 2.3057913299999200E-001, 5.8082568032659765E-002, 2.7488267081935192E-002, 5.7700848700960705E-001, 4.2843258600169065E-001
 6.1566285900025832E+000, 5.2055676210020465E+000, 4.3265673950022574E+000, 0.0000000000000000E+000, 1.3600169550027204E+000, 2.5636804899841081E-001, 5.8658237942381675E-002, 2.7679189106038393E-002, 5.9433514800230114E-001, 4.1689121799890927E-001
