parcel merge (total),find nearest,build graphs,create comm,resolve graphs,MPI allreduce,MPI RMA put,MPI RMA get,MPI RMA sync
 4.7531495809994340E+000, 4.3501478649998262E+000, 2.1205038990005960E+000, 1.1895147599989286E-001, 2.2326062560002811E+000, 3.0523207399960484E-001, 1.1155998760270904E+000, 5.1972068805866911E-001, 9.7524019600086831E-001
 4.7374574560010387E+000, 4.3293002370007798E+000, 2.0950730749987088E+000, 1.1623635099908824E-001, 2.2406116729998757E+000, 3.0998679599974821E-001, 1.1212682360055624E+000, 5.1498027896536769E-001, 9.8303747599788949E-001
 4.8038636740000129E+000, 4.3950889640000241E+000, 2.1438004079998336E+000, 1.0769734200061976E-001, 2.2619595099997696E+000, 3.0513833499821885E-001, 1.1177440579908762E+000, 5.1190327200470165E-001, 1.0083358440017491E+000
 4.7345316669998283E+000, 4.3260313950017917E+000, 2.0775592650011276E+000, 1.0245468099765276E-001, 2.2517539540003781E+000, 3.0411296400279753E-001, 1.1057301608207126E+000, 5.1062620601896924E-001, 9.9862150600711175E-001
 5.0530443270004071E+000, 4.6421202170017750E+000, 2.4867611670001679E+000, 1.1521496699970157E-001, 2.3351044729961359E+000, 3.0531012099891086E-001, 1.1113377640440376E+000, 5.0815279498465316E-001, 1.0822827600018172E+000
