parcel merge (total),find nearest,build graphs,create comm,resolve graphs,MPI allreduce,MPI RMA put,MPI RMA get,MPI RMA sync
 2.7585494278996521E+001, 2.6552446207997491E+001, 7.2725952989976577E+000, 1.9548385100233645E-001, 2.1410590044000401E+001, 4.3960431900100048E+000, 9.7396612097973048E+000, 3.6808822421135119E+000, 1.5391423125001893E+001
 2.7535382849001508E+001, 2.6504046969999763E+001, 7.2622499060007613E+000, 1.7855090399825713E-001, 2.1368516695996277E+001, 4.3884350999956041E+000, 9.6942677589599953E+000, 3.7014636058993347E+000, 1.5363322296002934E+001
 2.7560428514001160E+001, 2.6534144463000302E+001, 7.2860659479983951E+000, 1.9632611899805852E-001, 2.1372777674998815E+001, 4.3868413139971381E+000, 9.6993499736281592E+000, 3.6865151829733804E+000, 1.5367541552007424E+001
 2.7563758899002551E+001, 2.6535287561002860E+001, 7.2596027010022226E+000, 1.9496982100054083E-001, 2.1392085778999444E+001, 4.3893566290012132E+000, 9.7338896648839182E+000, 3.6765356470586994E+000, 1.5390393332996155E+001
 2.7589824155997121E+001, 2.6549500823999551E+001, 7.3025070660014535E+000, 1.7591772400328409E-001, 2.1370261344998198E+001, 4.3878816199930952E+000, 9.7162918205931419E+000, 3.6805236871373381E+000, 1.5372433697010365E+001
