parcel merge (total),find nearest,build graphs,create comm,resolve graphs,MPI allreduce,MPI RMA put,MPI RMA get,MPI RMA sync
 3.6533947638000882E+001, 3.4451204523998513E+001, 1.1000361421000434E+001, 1.8891056100255810E-001, 2.5687172950003060E+001, 5.1531248760006747E+000, 1.1617499526199936E+001, 4.6513122391684192E+000, 1.5894769225985328E+001
 3.6417529052001100E+001, 3.4342184181000903E+001, 1.1009457056999054E+001, 1.8583621700054209E-001, 2.5573535446002552E+001, 5.1237298690075477E+000, 1.1583254244876116E+001, 4.6061250549778379E+000, 1.5798590110987789E+001
 3.6605773422003494E+001, 3.4516767361001257E+001, 1.1025063980997402E+001, 1.8618688000151451E-001, 2.5745868854999571E+001, 5.1501263060040401E+000, 1.1643016261873072E+001, 4.6578873861790271E+000, 1.5937776024991308E+001
 3.6628959165999731E+001, 3.4530663585998354E+001, 1.1023565252999560E+001, 1.8834041800528212E-001, 2.5749681571000565E+001, 5.1374331260090003E+000, 1.1627085086781335E+001, 4.6372754231274484E+000, 1.5978619073984191E+001
 3.6519367908999357E+001, 3.4435358037998867E+001, 1.1026099071998942E+001, 1.8664672499835433E-001, 2.5685882697001034E+001, 5.1498130019967903E+000, 1.1608609983104998E+001, 4.6537178758994742E+000, 1.5883006738996301E+001
