parcel merge (total),find nearest,build graphs,create comm,resolve graphs,MPI allreduce,MPI P2P put,MPI P2P get,MPI P2P sync,MPI graph info
 2.2999058340003558E+000, 2.1208201990009456E+000, 1.3284150410015627E+000, 0.0000000000000000E+000, 1.4887189209987355E+000, 1.3212423099730586E-001, 6.6140357987706011E-002, 3.0744234984467766E-002, 5.8547845099701590E-001, 8.0205456500016226E-001
 2.2979510280019895E+000, 2.1138835170020229E+000, 1.3296910310007206E+000, 0.0000000000000000E+000, 1.4814615149998644E+000, 1.2997387600307775E-001, 6.5342440926997369E-002, 2.7247949020875240E-002, 5.7983357300577154E-001, 8.0302386999983355E-001
 2.3033306800000446E+000, 2.1237136569995982E+000, 1.3265450130006684E+000, 0.0000000000000000E+000, 1.4847683790005703E+000, 1.3050702200075648E-001, 6.5794590929726837E-002, 2.7449929991462341E-002, 5.8489701500320734E-001, 8.0397183299965036E-001
 2.2954057910001211E+000, 2.1148999499987440E+000, 1.3293997669989039E+000, 0.0000000000000000E+000, 1.4826632069980406E+000, 1.2936863399681897E-001, 6.5607590045146935E-002, 2.7313848021094600E-002, 5.8369529599758607E-001, 8.0243850700071562E-001
 2.3208564130000013E+000, 2.1387507309977991E+000, 1.3365804980007852E+000, 0.0000000000000000E+000, 1.4993911629999275E+000, 1.4341723300049125E-001, 6.6127654235060618E-002, 2.7637155039428762E-002, 5.9361255000158053E-001, 8.0502363500363572E-001
