parcel merge (total),find nearest,build graphs,create comm,resolve graphs,MPI allreduce,MPI P2P put,MPI P2P get,MPI P2P sync,MPI graph info
 1.7407472469994900E+000, 1.5510589219991289E+000, 1.2174274970000170E+000, 0.0000000000000000E+000, 3.7956366200069169E-001, 7.0409456002607840E-002, 1.8723260997830948E-002, 9.1027689736620232E-003, 1.7689493600369133E-001, 7.7372525999408026E-002
 1.7481124860012187E+000, 1.5565611710007943E+000, 1.2214716539986057E+000, 0.0000000000000000E+000, 3.8510078800095471E-001, 7.1650425001053009E-002, 1.8781789015292816E-002, 9.0185800229392044E-003, 1.8293755399872680E-001, 7.8726319000679723E-002
 1.7532615300001453E+000, 1.5609138850006730E+000, 1.2170381760008695E+000, 0.0000000000000000E+000, 3.8146599700053230E-001, 7.3945821001643708E-002, 1.8750373985767510E-002, 9.0346569727444148E-003, 1.7557385399641134E-001, 7.2151799000948813E-002
 1.7386974400001236E+000, 1.5480911370004833E+000, 1.2126251530003174E+000, 0.0000000000000000E+000, 3.7464936800051873E-001, 6.5773794002097929E-002, 1.8887344012455287E-002, 9.0600229891606432E-003, 1.7572339999742326E-001, 7.1404026000891463E-002
 1.7345360810015791E+000, 1.5444022940000650E+000, 1.2135078710005018E+000, 0.0000000000000000E+000, 3.7002251400076602E-001, 6.5026938001437884E-002, 1.8884374980189023E-002, 9.1212369661661796E-003, 1.7545075000248289E-001, 7.1973408999838284E-002
