parcel merge (total),find nearest,build graphs,create comm,resolve graphs,MPI allreduce,MPI RMA put,MPI RMA get,MPI RMA sync
 7.1319376299999817E+000, 6.7758544789996336E+000, 2.5275262599997177E+000, 0.0000000000000000E+000, 4.4128574180000442E+000, 5.8068175099992914E-001, 2.4991324040007044E+000, 1.0157743530004950E+000, 2.0343491209989111E+000
 6.9315006210001116E+000, 6.5722157200001448E+000, 2.5344089330003499E+000, 0.0000000000000000E+000, 4.2088636070001826E+000, 5.8019840800028533E-001, 2.3541580749873106E+000, 9.8290392999876985E-001, 2.0141936139986569E+000
 6.9194083649997538E+000, 6.5688776889992369E+000, 2.5244703609999988E+000, 0.0000000000000000E+000, 4.2112332399998422E+000, 5.8897914000124274E-001, 2.3555245110206897E+000, 9.8231428401049925E-001, 2.0058946119997927E+000
 6.9073176110006216E+000, 6.5525213129994881E+000, 2.5250884360000327E+000, 0.0000000000000000E+000, 4.1941852900000640E+000, 5.8446470599903932E-001, 2.3538881590194478E+000, 9.7917725798652100E-001, 1.9993429830021796E+000
 6.9384858589994565E+000, 6.5816428170005565E+000, 2.5496914400002879E+000, 0.0000000000000000E+000, 4.2107693509999535E+000, 5.7990813200126468E-001, 2.3652625029956198E+000, 9.8620464901500782E-001, 2.0165315050023764E+000
