parcel merge (total),find nearest,build graphs,create comm,resolve graphs,MPI allreduce,MPI P2P put,MPI P2P get,MPI P2P sync,MPI graph info
 3.2823517349997928E+000, 2.9455143339989718E+000, 2.1325469499997780E+000, 0.0000000000000000E+000, 1.3288987150001503E+000, 7.6926059002062175E-002, 5.4804258020112684E-002, 2.2778923997520906E-002, 7.3870839699725366E-001, 5.7340504599937958E-001
 3.2664460790015255E+000, 2.9281329820009887E+000, 2.1150034419993062E+000, 0.0000000000000000E+000, 1.3262931250005749E+000, 7.5228376997301893E-002, 5.4592145955439264E-002, 2.2705923962803354E-002, 7.3779001099865127E-001, 5.7299046299908696E-001
 3.2587788560010722E+000, 2.9200640590001967E+000, 2.1029156730010072E+000, 0.0000000000000000E+000, 1.3337187130005077E+000, 7.7442110002493791E-002, 5.5114194998395760E-002, 2.2819718001073852E-002, 7.4255853499516888E-001, 5.7450650500004485E-001
 3.2566948700007288E+000, 2.9189990560003025E+000, 2.1056866850005918E+000, 0.0000000000000000E+000, 1.3295656689997486E+000, 7.7568005995772182E-002, 5.5089934973693744E-002, 2.2785908988907977E-002, 7.3855601800437398E-001, 5.7416529100078151E-001
 3.2552246840016323E+000, 2.9185158109980875E+000, 2.1057564990005631E+000, 0.0000000000000000E+000, 1.3290500800007976E+000, 7.8664061004019459E-002, 5.3885195930206464E-002, 2.2654223967947473E-002, 7.3712417400065533E-001, 5.7511518300043463E-001
