parcel merge (total),find nearest,build graphs,create comm,resolve graphs,MPI allreduce,MPI P2P put,MPI P2P get,MPI P2P sync,MPI graph info
 1.2868275140003789E+000, 1.1799486379991322E+000, 8.5958898900025815E-001, 1.5039264099937100E-001, 3.4607443499908186E-001, 1.3867695600060870E-001, 1.3499918011802947E-002, 6.4960949923715816E-003, 1.4948024100294788E-001, 4.2587929999854168E-002
 1.2836046569993869E+000, 1.1784390340001210E+000, 8.5902317600061906E-001, 1.5241303600009815E-001, 3.4318427900052484E-001, 1.3536844399527581E-001, 1.2603543982777410E-002, 6.2196170292736497E-003, 1.4610401299501063E-001, 4.1142717001775964E-002
 1.2970356169998922E+000, 1.1891195669986701E+000, 8.6298202099897026E-001, 1.5001045399867508E-001, 3.4912616499877913E-001, 1.3939991200209079E-001, 1.2614831026439788E-002, 6.2354650001452683E-003, 1.5027893000024051E-001, 3.9500002001204848E-002
 1.2874553249976088E+000, 1.1826805139990029E+000, 8.5879190000105154E-001, 1.4874737399986770E-001, 3.4803107099560293E-001, 1.4109209500747966E-001, 1.2870070012468204E-002, 6.2790269575998536E-003, 1.4868789700494744E-001, 4.0151929000330711E-002
 1.2937466589960422E+000, 1.1868940300023496E+000, 8.6562310800172781E-001, 1.5064880099907896E-001, 3.4457531599900904E-001, 1.3622810499282423E-001, 1.2612592952336854E-002, 6.2311419537763868E-003, 1.4694175800968878E-001, 4.1437241998664831E-002
