parcel merge (total),find nearest,build graphs,create comm,resolve graphs,MPI allreduce,MPI P2P put,MPI P2P get,MPI P2P sync,MPI graph info
 6.9651700949989390E+000, 6.6900988979991780E+000, 2.7141246120045253E+000, 1.9511610400195423E-001, 5.5409517969983426E+000, 2.7536047719972885E+000, 1.9701038994526243E-001, 7.8935655974419205E-002, 2.0867668550026792E+000, 1.5608545659988522E+000
 6.9973978739981249E+000, 6.7239893480013961E+000, 2.7205694299987044E+000, 1.9071396499566617E-001, 5.5731757129965445E+000, 2.7868488409949350E+000, 1.9729095794536988E-001, 7.8881076962261432E-002, 2.0868344090190476E+000, 1.5607456840016312E+000
 6.9897233969995796E+000, 6.7193282990010630E+000, 2.7155574640023588E+000, 2.0831983399830278E-001, 5.5657670579980731E+000, 2.7841575429993100E+000, 1.9537693889560614E-001, 7.8250947933156567E-002, 2.0815473840029881E+000, 1.5589552929991441E+000
 7.0036841429969172E+000, 6.7316551690009874E+000, 2.7145648719983910E+000, 2.0422779100726984E-001, 5.5842405380021773E+000, 2.7958456520095751E+000, 1.9579542895735358E-001, 7.8688270043130615E-002, 2.0869384700072260E+000, 1.5599468969985537E+000
 7.0114892509996025E+000, 6.7409228700016683E+000, 2.7343073600013668E+000, 2.0122231100231147E-001, 5.5730190030017184E+000, 2.7871544049990007E+000, 1.9754196997564577E-001, 7.9514096936236456E-002, 2.0826724879793801E+000, 1.5598193279975021E+000
