parcel merge (total),find nearest,build graphs,create comm,resolve graphs,MPI allreduce,MPI P2P put,MPI P2P get,MPI P2P sync,MPI graph info
 3.3254513640022196E+000, 2.9886039839991554E+000, 2.1237361119995057E+000, 6.9165746998578470E-002, 1.0987459730004048E+000, 1.3401988200098458E-001, 5.5561029009140839E-002, 2.3102761015479700E-002, 6.4100814499920489E-001, 3.0589134399997420E-001
 3.3305905040003836E+000, 2.9921218270001191E+000, 2.1282754390001628E+000, 7.0555657000113570E-002, 1.0969773619983698E+000, 1.3169583099806914E-001, 5.4849062020366546E-002, 2.2999737035888757E-002, 6.4316643699589804E-001, 3.0597897399957219E-001
 3.3337480269981370E+000, 2.9951228130009895E+000, 2.1286553369996000E+000, 7.0294100999490183E-002, 1.1052950539997255E+000, 1.3406729100211123E-001, 5.4718741906299329E-002, 2.2905444004663877E-002, 6.4309961999151710E-001, 3.0797314200140136E-001
 3.3377078099999835E+000, 2.9959313349997956E+000, 2.1312561300003381E+000, 6.8360297000026549E-002, 1.0978611109987924E+000, 1.3172772799885024E-001, 5.4732724955101730E-002, 2.2986207038684370E-002, 6.4097405800475826E-001, 3.0730538099896876E-001
 3.3305265539988795E+000, 2.9920584839994717E+000, 2.1273368480024146E+000, 6.5324365000151374E-002, 1.1027675709997311E+000, 1.3351026000304955E-001, 5.5077444998232750E-002, 2.2984545076042195E-002, 6.4076663700097924E-001, 3.0991153600075450E-001
