parcel merge (total),find nearest,build graphs,create comm,resolve graphs,MPI allreduce,MPI RMA put,MPI RMA get,MPI RMA sync
 1.3458989329994893E+000, 1.2897282309984348E+000, 4.6605427700069413E-001, 1.1493458500058296E-001, 8.3313246799934859E-001, 1.3877132500192602E-001, 3.9208194699926935E-001, 1.6416389001619791E-001, 4.9291231299866922E-001
 1.3366241019987228E+000, 1.2805478309987848E+000, 4.6212212399973396E-001, 1.1647105900124188E-001, 8.2590855600028590E-001, 1.3980287200001840E-001, 3.7791118298878246E-001, 1.6213731301741063E-001, 4.8737398000389476E-001
 1.3432256939988747E+000, 1.2863831690008283E+000, 4.6449323799902231E-001, 1.0988466100093319E-001, 8.2964409099986369E-001, 1.3925667399803388E-001, 3.8144337102244208E-001, 1.6159403200754241E-001, 4.8604737200162162E-001
 1.3416675280022901E+000, 1.2856255730023349E+000, 4.6397065499854762E-001, 1.0754759799988278E-001, 8.2975278999992952E-001, 1.3946627800009992E-001, 3.8009786498423637E-001, 1.6427731900148501E-001, 4.8723586200139835E-001
 1.3448748660009642E+000, 1.2888754209984654E+000, 4.6500807800043731E-001, 1.1345791700159680E-001, 8.3196116799922493E-001, 1.4078808400040543E-001, 3.8066791199730687E-001, 1.6262785702519977E-001, 4.8757312400107367E-001
