parcel merge (total),find nearest,build graphs,create comm,resolve graphs,MPI allreduce,MPI RMA put,MPI RMA get,MPI RMA sync
 1.0375752585600117E+002, 1.0258327719599970E+002, 1.1268620695000891E+001, 3.1445962199995847E-001, 9.8402805512999294E+001, 1.9750556735999567E+001, 3.7711160745944994E+001, 1.2807037235962071E+001, 7.7492563899005745E+001
 1.0349235680600032E+002, 1.0231780374100026E+002, 1.1273972544000799E+001, 3.2988478100060092E-001, 9.8125236091999568E+001, 1.9670847918997652E+001, 3.7564230704170541E+001, 1.2640738702075851E+001, 7.7300825830996473E+001
 1.0360890361100064E+002, 1.0242586057900053E+002, 1.1291672624000284E+001, 3.2009967999874789E-001, 9.8218417847999945E+001, 1.9709148599002447E+001, 3.7741610285650495E+001, 1.2706130889034966E+001, 7.7354806746002396E+001
 1.0355619912100201E+002, 1.0238446300699889E+002, 1.1305596310998226E+001, 3.2612953400030165E-001, 9.8167821515998185E+001, 1.9672439717001453E+001, 3.7238194934097919E+001, 1.2629967873002897E+001, 7.7336400133013285E+001
 1.0366712650500313E+002, 1.0248774427599801E+002, 1.1287149232999127E+001, 3.2395138699939707E-001, 9.8292482185998779E+001, 1.9690851629005920E+001, 3.7325039377799840E+001, 1.2689360012794623E+001, 7.7445988624985603E+001
