parcel merge (total),find nearest,build graphs,create comm,resolve graphs,MPI allreduce,MPI RMA put,MPI RMA get,MPI RMA sync
 3.1370861682999930E+001, 3.0964809091997267E+001, 4.3784365279984740E+000, 2.0337993400107734E-001, 2.8313765966001938E+001, 5.7690266080126094E+000, 1.4329848419965856E+001, 4.8972362299600718E+000, 2.1787828387996797E+001
 3.1387459155997931E+001, 3.0979081702998883E+001, 4.3972492319981029E+000, 2.0816752399923644E-001, 2.8322080926000581E+001, 5.7741638990005413E+000, 1.4223039562307804E+001, 4.8655433550952694E+000, 2.1798350982015108E+001
 3.1399385463998442E+001, 3.0986485952999828E+001, 4.4038805569980468E+000, 2.0597853200479221E-001, 2.8313477648997377E+001, 5.7746211389876407E+000, 1.4230385479081178E+001, 4.8728668262247083E+000, 2.1788902465987576E+001
 3.1402465856998788E+001, 3.0990836417996888E+001, 4.3886160339966409E+000, 2.0711484400044355E-001, 2.8334293906998482E+001, 5.7735779129952789E+000, 1.4179711033871627E+001, 4.8564014404032605E+000, 2.1799101388998679E+001
 3.1414361833997191E+001, 3.1007737756002825E+001, 4.3999735270022029E+000, 2.0505833299694132E-001, 2.8334726411998417E+001, 5.7895959689944902E+000, 1.4224153287333593E+001, 4.8673339771557949E+000, 2.1794645770003171E+001
