parcel merge (total),find nearest,build graphs,create comm,resolve graphs,MPI allreduce,MPI P2P put,MPI P2P get,MPI P2P sync,MPI graph info
 1.8602593896999906E+001, 1.7887548323999454E+001, 7.1308977129999676E+000, 3.6551690100009182E-001, 1.5455320134999738E+001, 8.8899274340008105E+000, 7.4794550190881637E-001, 2.9895496292465396E-001, 7.4859817260003183E+000, 3.2175653439994676E+000
 1.8583951628000705E+001, 1.7863709979999612E+001, 7.1220734550004181E+000, 3.4845087699977739E-001, 1.5432738804999644E+001, 8.8767444229943067E+000, 7.4548751405563962E-001, 2.9690288003553178E-001, 7.4881024359960975E+000, 3.2197252669982390E+000
 1.8562892087001728E+001, 1.7844549269998424E+001, 7.1255603189993053E+000, 3.4635948199957056E-001, 1.5408442226997522E+001, 8.8472626199954902E+000, 7.4784212087888591E-001, 2.9898020687687676E-001, 7.4894610780006587E+000, 3.2157361650010898E+000
 1.8551378221999130E+001, 1.7835013474999869E+001, 7.1206067010020888E+000, 3.4956505000127436E-001, 1.5405485922001390E+001, 8.8466544590082776E+000, 7.4770554723045279E-001, 2.9852879119971476E-001, 7.4699102090021370E+000, 3.2155064860003222E+000
 1.8555723664001107E+001, 1.7837225662000037E+001, 7.1322920539996630E+000, 3.5751216599828695E-001, 1.5401079136998760E+001, 8.8598019070045666E+000, 7.6095585510711317E-001, 3.0394562185347240E-001, 7.4942993639970155E+000, 3.2191107570042732E+000
