parcel merge (total),find nearest,build graphs,create comm,resolve graphs,MPI allreduce,MPI RMA put,MPI RMA get,MPI RMA sync
 3.0125006307998774E+001, 2.9714909357998295E+001, 4.3768340879996686E+000, 0.0000000000000000E+000, 2.8537310313001854E+001, 5.8463527039912151E+000, 1.4209461076835396E+001, 4.8387144056732723E+000, 2.2694515046001925E+001
 2.9983655610998539E+001, 2.9575932978998026E+001, 4.3591630020014236E+000, 0.0000000000000000E+000, 2.8419155359998513E+001, 5.8190714039997147E+000, 1.4076203342983717E+001, 4.8144131159760946E+000, 2.2604129619006017E+001
 3.0015437231000760E+001, 2.9609363966002547E+001, 4.3679942159983511E+000, 0.0000000000000000E+000, 2.8442390821000572E+001, 5.8241506000008485E+000, 1.4052587349930945E+001, 4.8135580920929897E+000, 2.2621523436986081E+001
 3.0003571393997390E+001, 2.9596265436997783E+001, 4.3732885830004307E+000, 0.0000000000000000E+000, 2.8429742668000017E+001, 5.8372625799884190E+000, 1.4065702818178579E+001, 4.8010807412160830E+000, 2.2596764352992068E+001
 3.0018645429997378E+001, 2.9605466750997948E+001, 4.3603890879971914E+000, 0.0000000000000000E+000, 2.8446682698000586E+001, 5.8183152350038654E+000, 1.4104941308873094E+001, 4.8171398901044995E+000, 2.2631971348017032E+001
