parcel merge (total),find nearest,build graphs,create comm,resolve graphs,MPI allreduce,MPI RMA put,MPI RMA get,MPI RMA sync
 4.7721054050002749E+000, 4.3683900719997837E+000, 2.0317944479998005E+000, 0.0000000000000000E+000, 2.3427385890013284E+000, 2.9598242699648836E-001, 1.2555079870487589E+000, 5.4006673997537291E-001, 9.1973352100058037E-001
 4.7317446479996761E+000, 4.3258195809992230E+000, 2.1785078330008218E+000, 0.0000000000000000E+000, 2.1586664660005681E+000, 2.9825508699741476E-001, 1.1007358400436260E+000, 5.0274283201201797E-001, 9.0647505300603370E-001
 4.6379749549998905E+000, 4.2278009860003749E+000, 2.0676490420005393E+000, 0.0000000000000000E+000, 2.1675296610007990E+000, 3.0038167700172380E-001, 1.1196776569697704E+000, 5.0492560002885511E-001, 9.1645139200636550E-001
 4.6947332220011049E+000, 4.2874331029988753E+000, 2.1261617519985521E+000, 0.0000000000000000E+000, 2.1715801580003244E+000, 2.9941201200290379E-001, 1.1188819019785115E+000, 5.0001475894578107E-001, 9.2050548599354443E-001
 4.5935227379977732E+000, 4.1891279260003103E+000, 2.0448074899995845E+000, 0.0000000000000000E+000, 2.1521362410003348E+000, 2.9707557900519532E-001, 1.1097864129483241E+000, 5.0324035906851350E-001, 9.0243625200082533E-001
