parcel merge (total),find nearest,build graphs,create comm,resolve graphs,MPI allreduce,MPI RMA put,MPI RMA get,MPI RMA sync
 1.5237299757200071E+002, 1.4660505267199824E+002, 3.2206538761999127E+001, 0.0000000000000000E+000, 1.4048470945599865E+002, 2.6079541860002337E+001, 6.3738510951269745E+001, 2.2171454813103537E+001, 1.1440726821499038E+002
 1.5258541095299998E+002, 1.4681519563399993E+002, 3.2451367181999984E+001, 0.0000000000000000E+000, 1.4045648218399984E+002, 2.6036464289999998E+001, 6.3183684320999532E+001, 2.2120838904024026E+001, 1.1442214955200038E+002
 1.5227447955000002E+002, 1.4651209747399992E+002, 3.2323334831999205E+001, 0.0000000000000000E+000, 1.4027701362499954E+002, 2.6050360980997766E+001, 6.3323109891014724E+001, 2.2070465885887756E+001, 1.1422944952600301E+002
 1.5230026836900106E+002, 1.4652622342500149E+002, 3.2400839734999181E+001, 0.0000000000000000E+000, 1.4024979756700009E+002, 2.6054325374005430E+001, 6.3559093526191418E+001, 2.2057163820957840E+001, 1.1419815960099868E+002
 1.5229473332700081E+002, 1.4654537652599765E+002, 3.2266723305999676E+001, 0.0000000000000000E+000, 1.4036977495699875E+002, 2.6068375782997464E+001, 6.3595052429214320E+001, 2.2164014921336729E+001, 1.1430370227999720E+002
