parcel merge (total),find nearest,build graphs,create comm,resolve graphs,MPI allreduce,MPI RMA put,MPI RMA get,MPI RMA sync
 4.9260763940003471E+000, 4.5922714330001781E+000, 2.1267126339996594E+000, 0.0000000000000000E+000, 2.9443821389997993E+000, 6.2543287899734423E-001, 1.1414932609770858E+000, 4.8470507799902407E-001, 2.3186260730024060E+000
 4.7568488489987431E+000, 4.4220076510007402E+000, 2.1312614450014280E+000, 0.0000000000000000E+000, 2.7713193099984892E+000, 5.8788766400175518E-001, 1.0080690199990840E+000, 4.4875637300174276E-001, 2.1831163079962153E+000
 4.7549452999983259E+000, 4.4212579549996462E+000, 2.1299689160007347E+000, 0.0000000000000000E+000, 2.7706180559994209E+000, 5.8655976100135376E-001, 1.0157390780591413E+000, 4.4448962499177469E-001, 2.1837285269939457E+000
 4.7548778349998884E+000, 4.4208741330003249E+000, 2.1305733019992203E+000, 0.0000000000000000E+000, 2.7705859500008501E+000, 5.8755999900040479E-001, 1.0039830140422055E+000, 4.4657768303841294E-001, 2.1827120620059759E+000
 4.7638757739985067E+000, 4.4267901400005485E+000, 2.1335364720005146E+000, 0.0000000000000000E+000, 2.7722766460001367E+000, 5.8683848900113844E-001, 1.0033852070546345E+000, 4.4351507699184367E-001, 2.1851075199954266E+000
