parcel merge (total),find nearest,build graphs,create comm,resolve graphs,MPI allreduce,MPI RMA put,MPI RMA get,MPI RMA sync
 9.5338038247000668E+001, 9.4702514135998626E+001, 7.0914865620011369E+000, 3.3005218800212788E-001, 9.1621751880999454E+001, 1.8631169157000386E+001, 3.6190575001124216E+001, 1.2348164212930897E+001, 7.2358295763993510E+001
 9.5390378192000298E+001, 9.4756016728001669E+001, 7.0897626080000009E+000, 3.4885902500059274E-001, 9.1675615069000060E+001, 1.8655369193998695E+001, 3.6318850065866627E+001, 1.2346426437077980E+001, 7.2389909953996721E+001
 9.5294230649999918E+001, 9.4662931925003249E+001, 7.0906944089992976E+000, 3.5006771199869036E-001, 9.1582239421000850E+001, 1.8638965887000722E+001, 3.6221784335984921E+001, 1.2345825110091027E+001, 7.2311148693001087E+001
 9.5366646599996329E+001, 9.4734491551000247E+001, 7.0851784750029765E+000, 3.2940252800153758E-001, 9.1654139071999907E+001, 1.8639194772996689E+001, 3.6295427578297677E+001, 1.2357601208132564E+001, 7.2372561316009978E+001
 9.5293040607998137E+001, 9.4656173893999494E+001, 7.0912910270008069E+000, 3.3751386600351907E-001, 9.1570136065999122E+001, 1.8653968876008548E+001, 3.6295389373244689E+001, 1.2349727550876651E+001, 7.2287357407985837E+001
