parcel merge (total),find nearest,build graphs,create comm,resolve graphs,MPI allreduce,MPI P2P put,MPI P2P get,MPI P2P sync,MPI graph info
 2.0342315023998935E+001, 1.8151962610999362E+001, 1.1114756237000393E+001, 1.9777112599967950E-001, 9.3377974510008244E+000, 1.0694604890011306E+000, 6.8249360097934186E-001, 2.6864020805146538E-001, 5.2366912680042788E+000, 2.8417738410003039E+000
 2.0370867642003304E+001, 1.8177746432003460E+001, 1.1077514227994470E+001, 1.9756638599983489E-001, 9.4160675340026501E+000, 1.0972808469969095E+000, 6.8029444770309055E-001, 2.6728367892974347E-001, 5.3103305400022691E+000, 2.8449465270005021E+000
 2.0353387738000038E+001, 1.8155622608999693E+001, 1.1062880105997010E+001, 2.0026785199888764E-001, 9.4063212390042281E+000, 1.1111590889936451E+000, 6.7648898064135210E-001, 2.6741111229102899E-001, 5.2745363759718202E+000, 2.8456553760011047E+000
 2.0373777270998289E+001, 1.8172762923003120E+001, 1.1049478459002330E+001, 2.0151512699749219E-001, 9.4615364149990455E+000, 1.1324319109858152E+000, 6.7581503789142516E-001, 2.6722571185473498E-001, 5.2709348549969945E+000, 2.8599109399960980E+000
 2.0355001180998897E+001, 1.8160223650001171E+001, 1.1075134819999676E+001, 1.9915596800046842E-001, 9.4012802120032575E+000, 1.1054151259972969E+000, 6.7234015897838617E-001, 2.6739032108980609E-001, 5.2983734920135248E+000, 2.8521381350010415E+000
