parcel merge (total),find nearest,build graphs,create comm,resolve graphs,MPI allreduce,MPI RMA put,MPI RMA get,MPI RMA sync
 4.7644559950006169E+000, 4.5871962439998697E+000, 1.3183266180003557E+000, 0.0000000000000000E+000, 3.9331636569993407E+000, 7.9547054500244485E-001, 1.6037537440658980E+000, 6.6768023604390692E-001, 3.1373407299993232E+000
 4.7521813649980231E+000, 4.5745956680004838E+000, 1.3107156600001417E+000, 0.0000000000000000E+000, 3.9302034860002095E+000, 7.9157898300286433E-001, 1.5908142880734886E+000, 6.6312863994903637E-001, 3.1382638570034942E+000
 4.7617638560018349E+000, 4.5822420089994012E+000, 1.3146052509978290E+000, 0.0000000000000000E+000, 3.9324405230004231E+000, 7.9475724999974773E-001, 1.5887197869765259E+000, 6.6303170910350673E-001, 3.1373352190016703E+000
 4.7568156609995640E+000, 4.5804628340006275E+000, 1.3143716039985520E+000, 0.0000000000000000E+000, 3.9272847420024846E+000, 7.8973949800592891E-001, 1.5902295408541249E+000, 6.5887155592190538E-001, 3.1371779950018208E+000
 4.7603068899998107E+000, 4.5767279550036619E+000, 1.3106863080015501E+000, 0.0000000000000000E+000, 3.9298672710001483E+000, 7.9228937200559812E-001, 1.5961366071019256E+000, 6.5594240293921757E-001, 3.1372263090106571E+000
