parcel merge (total),find nearest,build graphs,create comm,resolve graphs,MPI allreduce,MPI RMA put,MPI RMA get,MPI RMA sync
 4.9320367220011576E+000, 4.5945223029993940E+000, 2.1263114059984218E+000, 0.0000000000000000E+000, 2.9460167379977520E+000, 6.2445076899962260E-001, 1.1473375659800240E+000, 4.8293921401909756E-001, 2.3212268019942712E+000
 4.7637551219997931E+000, 4.4300484400012010E+000, 2.1322596400004841E+000, 0.0000000000000000E+000, 2.7759510809989933E+000, 5.8741724400283601E-001, 1.0137397590044657E+000, 4.4673950399442219E-001, 2.1881883250000556E+000
 4.7643048050044854E+000, 4.4307271090019640E+000, 2.1323639340007503E+000, 0.0000000000000000E+000, 2.7825657029998183E+000, 5.8972903200583460E-001, 1.0150308020670309E+000, 4.4774762303632087E-001, 2.1924881199961419E+000
 4.8027658509986395E+000, 4.4689901099973213E+000, 2.1723853849985062E+000, 0.0000000000000000E+000, 2.7779776589986795E+000, 5.8791836700083877E-001, 1.0128038858997570E+000, 4.4813271601969973E-001, 2.1897013759949004E+000
 4.7609451610010183E+000, 4.4277098269981252E+000, 2.1284437469985278E+000, 0.0000000000000000E+000, 2.7784759529986331E+000, 5.8789216499963004E-001, 1.0171000900304534E+000, 4.4688573602206816E-001, 2.1902461520098768E+000
