parcel merge (total),find nearest,build graphs,create comm,resolve graphs,MPI allreduce,MPI RMA put,MPI RMA get,MPI RMA sync
 2.3048354739999922E+001, 2.2908978726001806E+001, 1.8430705350001517E+000, 0.0000000000000000E+000, 2.2143445114001679E+001, 4.7428037169970594E+000, 8.2832933421650523E+000, 2.8178239660046529E+000, 1.7405491067000185E+001
 2.2902524466002433E+001, 2.2762769200001458E+001, 1.8463444779986276E+000, 0.0000000000000000E+000, 2.1992168713000410E+001, 4.7131600609895941E+000, 8.3104956948532163E+000, 2.8434825549179550E+000, 1.7284109708004962E+001
 2.2869093684998916E+001, 2.2728194007001093E+001, 1.8417600699990544E+000, 0.0000000000000000E+000, 2.1964214536001236E+001, 4.7065203919996748E+000, 8.0974530461276117E+000, 2.8032209980920015E+000, 1.7262410737986102E+001
 2.2912318687000607E+001, 2.2773626257001979E+001, 1.8418588329991508E+000, 0.0000000000000000E+000, 2.2007691973998590E+001, 4.7173405810199256E+000, 8.0953662803422048E+000, 2.8092739810631429E+000, 1.7295686203000969E+001
 2.2842817105999998E+001, 2.2701852611000120E+001, 1.8481099180000342E+000, 0.0000000000000000E+000, 2.1931632457999996E+001, 4.7024089339998199E+000, 8.1636904900010165E+000, 2.8307851540045732E+000, 1.7233971650000186E+001
