parcel merge (total),find nearest,build graphs,create comm,resolve graphs,MPI allreduce,MPI P2P put,MPI P2P get,MPI P2P sync,MPI graph info
 1.3133155006001289E+001, 1.2056089045001954E+001, 7.3111505070014573E+000, 2.0472830800144948E-001, 7.0165984519976519E+000, 1.5150173189999805E+000, 3.9348314100652715E-001, 1.5847738800994193E-001, 3.5723933150079574E+000, 2.1918792789961117E+000
 1.3088597465000475E+001, 1.2008634204996724E+001, 7.3008457000000817E+000, 2.0619161200283997E-001, 6.9670008730008703E+000, 1.4874210180068985E+000, 3.9104730413782818E-001, 1.5727432792436957E-001, 3.5679759930085311E+000, 2.1811945659997036E+000
 1.3110215972998049E+001, 1.2030595533002270E+001, 7.3080006340014734E+000, 2.0141086600233393E-001, 6.9814797330009242E+000, 1.4614903760161724E+000, 3.9402360673693693E-001, 1.5793244110409432E-001, 3.5566586719801307E+000, 2.1829189639993274E+000
 1.3076322457000060E+001, 1.1993938175999574E+001, 7.2965696949977428E+000, 1.9711725900151578E-001, 6.9574147249995804E+000, 1.4832236099978218E+000, 4.0038169613353602E-001, 1.5991109691140082E-001, 3.5545579560007354E+000, 2.1836322839990316E+000
 1.3075085081997713E+001, 1.1996591595000609E+001, 7.3145587560015883E+000, 1.9944030500118970E-001, 6.9330967260007128E+000, 1.4595456600036414E+000, 3.9337319395099257E-001, 1.5760998806354110E-001, 3.5521682410153517E+000, 2.1795661900014238E+000
