parcel merge (total),find nearest,build graphs,create comm,resolve graphs,MPI allreduce,MPI RMA put,MPI RMA get,MPI RMA sync
 2.5776417871999001E+001, 2.5635577082002328E+001, 1.8798871829990276E+000, 2.0408108999799879E-001, 2.4689555997001207E+001, 4.7088479040057791E+000, 8.1934609760046442E+000, 2.8479417308712982E+000, 1.9749608241001170E+001
 2.5723148164998747E+001, 2.5582460835000802E+001, 1.8772483840002678E+000, 1.8468323700062683E-001, 2.4639973386998918E+001, 4.7125628969956779E+000, 8.1331802109220916E+000, 2.8530523480453667E+000, 1.9697850707014368E+001
 2.5805731257000843E+001, 2.5665470629998708E+001, 1.8773817389987926E+000, 1.8805520799969599E-001, 2.4720645197999147E+001, 4.7094190640091256E+000, 8.1398747450548399E+000, 2.8227815918353372E+000, 1.9779542676988513E+001
 2.5755275303999497E+001, 2.5615342617998067E+001, 1.8767956810006581E+000, 1.8953368400025283E-001, 2.4672774912998193E+001, 4.7026927109923236E+000, 8.1355180549571742E+000, 2.8381477250186435E+000, 1.9739976729001683E+001
 2.5779810887000053E+001, 2.5639986751000009E+001, 1.8851281199998482E+000, 1.9425802800003567E-001, 2.4690293186000019E+001, 4.7058327430000304E+000, 8.1786340489895792E+000, 2.8544091299995671E+000, 1.9755022965999615E+001
