parcel merge (total),find nearest,build graphs,create comm,resolve graphs,MPI allreduce,MPI P2P put,MPI P2P get,MPI P2P sync,MPI graph info
 2.8024409659999947E+001, 2.5268412244999581E+001, 1.3424132322000787E+001, 0.0000000000000000E+000, 2.2114133461000392E+001, 7.3265237330006130E+000, 9.1953441227246913E-001, 3.5136179015080415E-001, 1.6000908103999791E+001, 9.8076170060003278E+000
 2.7794051300001911E+001, 2.5046667076001540E+001, 1.3195850828000175E+001, 0.0000000000000000E+000, 2.2085066335002693E+001, 7.2542021759991258E+000, 9.2159954707381075E-001, 3.5226286211309343E-001, 1.5972801644006722E+001, 9.8040240690011160E+000
 2.8097290736996911E+001, 2.5338126985995586E+001, 1.3299287245000414E+001, 0.0000000000000000E+000, 2.2277253168002517E+001, 7.4425407329945301E+000, 9.2556480517123418E-001, 3.5267257630766835E-001, 1.5999629042997640E+001, 9.8010340979990360E+000
 2.8704367428000751E+001, 2.5932410849001826E+001, 1.3245189027997640E+001, 0.0000000000000000E+000, 2.2942167801998494E+001, 8.1276621389970387E+000, 9.1977909516072032E-001, 3.5100874901763746E-001, 1.6158377083023879E+001, 9.8307405359983022E+000
 2.8103996750999158E+001, 2.5359399598002256E+001, 1.3417847091002386E+001, 0.0000000000000000E+000, 2.2196270020000156E+001, 7.3822467940049137E+000, 9.1726103897735811E-001, 3.5065564788010306E-001, 1.5992818537973562E+001, 9.8105387199952929E+000
