parcel merge (total),find nearest,build graphs,create comm,resolve graphs,MPI allreduce,MPI P2P put,MPI P2P get,MPI P2P sync,MPI graph info
 4.3564530630014815E+000, 4.1201012259998606E+000, 1.8051922109989391E+000, 0.0000000000000000E+000, 3.5534272089992101E+000, 1.3250127069968585E+000, 1.2913042500440497E-001, 5.0831615070137559E-002, 2.4055099540098581E+000, 1.2746538240000973E+000
 4.3438675899992631E+000, 4.1124428740010899E+000, 1.8048540610009240E+000, 0.0000000000000000E+000, 3.5439333100000567E+000, 1.3199440359976506E+000, 1.2863663494704269E-001, 4.9895452033752008E-002, 2.4044838820000223E+000, 1.2751678179999999E+000
 4.3521679190002942E+000, 4.1141075880009339E+000, 1.8053528869997990E+000, 0.0000000000000000E+000, 3.5420063300018683E+000, 1.3189918109997052E+000, 1.3006571102732778E-001, 5.0827545016090880E-002, 2.4069499250076660E+000, 1.2717348870000933E+000
 4.3454653400003735E+000, 4.1105736270003490E+000, 1.8040337439999803E+000, 0.0000000000000000E+000, 3.5419860009990316E+000, 1.3204747010047413E+000, 1.2938646300403889E-001, 5.0392917023373229E-002, 2.4047753640029441E+000, 1.2684200609994605E+000
 4.3500988880016394E+000, 4.1143182019989126E+000, 1.8067619389978518E+000, 0.0000000000000000E+000, 3.5427726259993051E+000, 1.3149759019959220E+000, 1.2963195207703393E-001, 5.0544713026738464E-002, 2.4306891009948686E+000, 1.2706117339992034E+000
