parcel merge (total),find nearest,build graphs,create comm,resolve graphs,MPI allreduce,MPI RMA put,MPI RMA get,MPI RMA sync
 5.9974989633997893E+001, 5.9554716487999713E+001, 3.1164631490005377E+000, 2.0778917800089403E-001, 5.7495148338999343E+001, 1.3780446143004610E+001, 2.1581475607056746E+001, 8.3703213849973963E+000, 4.3464328371995862E+001
 6.0006278755995481E+001, 5.9586294894000275E+001, 3.1321668359973955E+000, 2.1009973200352761E-001, 5.7510158538997530E+001, 1.3779685654000332E+001, 2.1536416482009372E+001, 8.3532598249621515E+000, 4.3478829531994961E+001
 5.9991463977999047E+001, 5.9570040575002622E+001, 3.1054592900004536E+000, 2.0842579099962677E-001, 5.7521678148997125E+001, 1.3789114625995808E+001, 2.1542555667037050E+001, 8.3618290932236050E+000, 4.3482729495006424E+001
 5.9968233509000129E+001, 5.9549002999000095E+001, 3.1065618239990727E+000, 2.0515176699927906E-001, 5.7501040315997670E+001, 1.3778524057991490E+001, 2.1542419288134624E+001, 8.3617306103037663E+000, 4.3470687816000009E+001
 5.9990895380000438E+001, 5.9569859111000369E+001, 3.1149067550040854E+000, 2.0730320700022276E-001, 5.7513503702001344E+001, 1.3777711041990642E+001, 2.1519783212695529E+001, 8.3774140831337718E+000, 4.3469468567993317E+001
