parcel merge (total),find nearest,build graphs,create comm,resolve graphs,MPI allreduce,MPI P2P put,MPI P2P get,MPI P2P sync,MPI graph info
 3.3212560429997211E+000, 3.2098153450010614E+000, 1.2282264110006054E+000, 1.5781258499896467E-001, 2.6526567710002382E+000, 1.1604074040037631E+000, 1.1362405408431187E-001, 4.4308994008588343E-002, 1.4721743409991177E+000, 5.3819811400057915E-001
 3.3205666930000461E+000, 3.2105336509996505E+000, 1.2299559580008008E+000, 1.5814614199939570E-001, 2.6511575220001760E+000, 1.1561321199992562E+000, 1.1394285593337372E-001, 4.4574837042318904E-002, 1.4846860360019036E+000, 5.3755321999869921E-001
 3.3196397969995814E+000, 3.2097874029996092E+000, 1.2287338390001423E+000, 1.5692180899918640E-001, 2.6509174190014164E+000, 1.1605918329973974E+000, 1.1398193108493615E-001, 4.4669089973922382E-002, 1.4825497599997561E+000, 5.3764984399958848E-001
 3.3156993610000427E+000, 3.2059901150005317E+000, 1.2286719010012348E+000, 1.5690505100019436E-001, 2.6479060410006241E+000, 1.1550740110030802E+000, 1.1392748601065250E-001, 4.4526136075319300E-002, 1.4809927520007022E+000, 5.3762608999932127E-001
 3.3277557049993902E+000, 3.2173302010019142E+000, 1.2369319960000666E+000, 1.5649817800090204E-001, 2.6494972050008982E+000, 1.1585196469950461E+000, 1.1445713700186388E-001, 4.4699323058694063E-002, 1.4818033159974675E+000, 5.3741848199911146E-001
