parcel merge (total),find nearest,build graphs,create comm,resolve graphs,MPI allreduce,SHMEM put,SHMEM get,SHMEM sync
 1.2346669699000358E+001, 1.1796461875999057E+001, 4.7039508019993264E+000, 0.0000000000000000E+000, 1.0335074575000363E+001, 3.1404230239988919E+000, 5.3161444900933930E-001, 1.6787228840794342E+000, 7.2026682030068514E+000
 1.2325730058000090E+001, 1.1778831769001499E+001, 4.6730863329989916E+000, 0.0000000000000000E+000, 1.0333824270000832E+001, 3.1233252969939258E+000, 5.3094741021595837E-001, 1.6719811830671460E+000, 7.2190689420051513E+000
 1.2627618040000471E+001, 1.2089120419999745E+001, 4.7956568060008067E+000, 0.0000000000000000E+000, 1.0530864255997130E+001, 3.1213253599994459E+000, 5.3100251188379843E-001, 1.6771822136543051E+000, 7.4176058020011624E+000
 1.2397099180000623E+001, 1.1843256564002786E+001, 4.7768883039989305E+000, 0.0000000000000000E+000, 1.0301903863999541E+001, 3.1228373680173718E+000, 5.3364418022738391E-001, 1.6739923660775275E+000, 7.1865920300051584E+000
 1.2264250350001021E+001, 1.1721023192002576E+001, 4.6614684290020705E+000, 0.0000000000000000E+000, 1.0301820151999436E+001, 3.1213339349960734E+000, 5.2913682657708705E-001, 1.6738667561371585E+000, 7.1887604070034286E+000
