parcel merge (total),find nearest,build graphs,create comm,resolve graphs,MPI allreduce,MPI P2P put,MPI P2P get,MPI P2P sync,MPI graph info
 1.5070813376000615E+001, 1.3210641361000626E+001, 7.7661011440000038E+000, 1.1532479199991030E-001, 6.8788651759996355E+000, 6.9030049599496124E-001, 4.2158109292950030E-001, 1.6480757891463327E-001, 4.2058389800024543E+000, 1.8028799450012229E+000
 1.5055404424000926E+001, 1.3196375765998482E+001, 7.7830865850003192E+000, 1.1469320700030039E-001, 6.8710420080012682E+000, 6.8010570000228654E-001, 4.2252950801685074E-001, 1.6546694598378053E-001, 4.1945693439995466E+000, 1.8177660900000774E+000
 1.5154175293000890E+001, 1.3301519694000717E+001, 7.8526430150016040E+000, 1.1686680700040597E-001, 6.8945093310005632E+000, 6.7873410899551345E-001, 4.1944784723682460E-001, 1.6419206289992871E-001, 4.2057372210167614E+000, 1.8222807410013502E+000
 1.5029340365000508E+001, 1.3170576296999343E+001, 7.7518301409984360E+000, 1.1357133899809924E-001, 6.8743457940004191E+000, 6.5930364199653013E-001, 4.1617612801610449E-001, 1.6208443399932548E-001, 4.2152373329984130E+000, 1.8292841290012802E+000
 1.5343606763000253E+001, 1.3491468878999740E+001, 7.9898529789988970E+000, 1.1804213099890148E-001, 6.9746144970008572E+000, 7.5135701499698371E-001, 4.1820129493817149E-001, 1.6371512799832999E-001, 4.2340091870021297E+000, 1.8356531740007540E+000
