parcel merge (total),find nearest,build graphs,create comm,resolve graphs,MPI allreduce,SHMEM put,SHMEM get,SHMEM sync
 8.0722093500071423E-001, 7.7124981900078637E-001, 3.7903013599998303E-001, 0.0000000000000000E+000, 6.2917853800081502E-001, 1.7656784699443051E-001, 3.4996318905768931E-002, 1.2663859502708874E-001, 4.5543142300016370E-001
 8.1739666000089528E-001, 7.8193561500052056E-001, 3.8807535699993423E-001, 0.0000000000000000E+000, 6.3015246200097863E-001, 1.7726755200078514E-001, 3.6057359022379387E-002, 1.2644710395147740E-001, 4.5584718599843654E-001
 8.1407381399890255E-001, 7.7835846600009972E-001, 3.8492561599900910E-001, 0.0000000000000000E+000, 6.2943461799977740E-001, 1.7710063099957551E-001, 3.5066320989471933E-002, 1.2667671700796745E-001, 4.5525152299910587E-001
 8.0793779000009636E-001, 7.7225509700087969E-001, 3.7799721100213901E-001, 0.0000000000000000E+000, 6.3016137199997502E-001, 1.7668199299896514E-001, 3.4806710951215791E-002, 1.2620708399686009E-001, 4.5650826800442701E-001
 8.1574435799984713E-001, 7.8011296399859020E-001, 3.8621152799896663E-001, 0.0000000000000000E+000, 6.3038814100127638E-001, 1.7676484499725120E-001, 3.4880636988873448E-002, 1.2725116500018885E-001, 4.5641439399832961E-001
