parcel merge (total),find nearest,build graphs,create comm,resolve graphs,MPI allreduce,MPI RMA put,MPI RMA get,MPI RMA sync
 5.8872599984000999E+001, 5.8307240864999585E+001, 4.8947838579988456E+000, 1.9028004000006149E-001, 5.5842326232000460E+001, 1.2944348935999187E+001, 2.1249575095183673E+001, 8.2666832279414848E+000, 4.2487736111000686E+001
 5.9025074529000449E+001, 5.8457756297997093E+001, 5.0635278540021318E+000, 1.9016266299922790E-001, 5.5820275245000175E+001, 1.2943025467006919E+001, 2.1242031625809886E+001, 8.2614623440831565E+000, 4.2470756465991599E+001
 5.8867979851000200E+001, 5.8303173874000095E+001, 4.9260747070029538E+000, 1.8997438699943814E-001, 5.5801351208999222E+001, 1.2934283660995334E+001, 2.1239931497832913E+001, 8.2694545433282656E+000, 4.2461067222010115E+001
 5.8942851054997391E+001, 5.8381882349000534E+001, 4.9681315150000955E+000, 1.9147914700033652E-001, 5.5836574164003196E+001, 1.2945064903996354E+001, 2.1262361822115508E+001, 8.2516833498880260E+000, 4.2483175884006414E+001
 5.8800055197998972E+001, 5.8249808735001352E+001, 4.8599415939997925E+000, 1.9120678500166832E-001, 5.5811738793999666E+001, 1.2939966173999892E+001, 2.1223113526889847E+001, 8.2663999097590022E+000, 4.2461476826994840E+001
