parcel merge (total),find nearest,build graphs,create comm,resolve graphs,MPI allreduce,MPI P2P put,MPI P2P get,MPI P2P sync,MPI graph info
 1.7967882890000055E+000, 1.6460702429978937E+000, 9.0144013699978132E-001, 0.0000000000000000E+000, 1.1475229909988229E+000, 1.2371691400130658E-001, 4.8006644968836554E-002, 1.9621207000682261E-002, 5.5170693300010498E-001, 5.0156294899989007E-001
 1.7894020210003418E+000, 1.6446978619999300E+000, 9.0175571200006743E-001, 0.0000000000000000E+000, 1.1451926239994918E+000, 1.2240683100185379E-001, 4.7806000003447480E-002, 1.9508998989522297E-002, 5.5010194801025136E-001, 5.0091991399881408E-001
 1.7875508290003381E+000, 1.6415667509998002E+000, 8.9959619200135421E-001, 0.0000000000000000E+000, 1.1464050980002867E+000, 1.2608513899817808E-001, 4.7696132962300908E-002, 1.9380864951699550E-002, 5.5392286600408625E-001, 5.0059338400046727E-001
 1.8165382460013006E+000, 1.6705928420005876E+000, 9.3128634899903773E-001, 0.0000000000000000E+000, 1.1414848129988968E+000, 1.2181753599861622E-001, 4.7807022991264603E-002, 1.9584505046623235E-002, 5.4897556199421160E-001, 5.0149838300058036E-001
 1.8057539809994978E+000, 1.6598681110001507E+000, 9.2063789600092605E-001, 0.0000000000000000E+000, 1.1464078420005990E+000, 1.2410585900056503E-001, 4.7992603071861595E-002, 1.9615043991279890E-002, 5.5276570699788863E-001, 5.0351275199886913E-001
