parcel merge (total),find nearest,build graphs,create comm,resolve graphs,MPI allreduce,MPI RMA put,MPI RMA get,MPI RMA sync
 7.2965331614999968E+001, 7.0472613621001074E+001, 1.3216376124000135E+001, 2.3392965999983062E-001, 6.4956255545001568E+001, 1.3688056994003773E+001, 2.5864637307122621E+001, 1.0030809855859616E+001, 4.9363651130004655E+001
 7.2942271749000156E+001, 7.0460863123003037E+001, 1.3322516699000971E+001, 2.3472876100049689E-001, 6.4833318833002522E+001, 1.3689585482000894E+001, 2.5807910901395189E+001, 1.0025698017360355E+001, 4.9233632950006267E+001
 7.3334527268001239E+001, 7.0842494079999142E+001, 1.3648094253000181E+001, 2.3365690399896266E-001, 6.4896445862999371E+001, 1.3706630598007905E+001, 2.5806815332827682E+001, 9.9959635009827252E+000, 4.9305564827006037E+001
 7.3426843245999862E+001, 7.0933656666999923E+001, 1.3626320315998782E+001, 2.3482516700187261E-001, 6.5020165085996723E+001, 1.3700032294996163E+001, 2.5916783622886214E+001, 1.0003499651997117E+001, 4.9411590651995084E+001
 7.3373953496999547E+001, 7.0889032740000857E+001, 1.3773837917999117E+001, 2.3425800200084268E-001, 6.4809247982000670E+001, 1.3679278205005630E+001, 2.5827073314797872E+001, 1.0018741078792573E+001, 4.9245641856012753E+001
