parcel merge (total),find nearest,build graphs,create comm,resolve graphs,MPI allreduce,MPI P2P put,MPI P2P get,MPI P2P sync,MPI graph info
 9.4541785330004586E+000, 8.5593215240000973E+000, 5.0394071750010880E+000, 1.0569148099921222E-001, 4.9724340479992861E+000, 7.8030574499894101E-001, 2.5922479783844210E-001, 1.0031069696833583E-001, 2.8731790169997566E+000, 1.4215380340001502E+000
 9.4994959929999823E+000, 8.5961582230002023E+000, 5.0671080739989520E+000, 1.0486858299918822E-001, 4.9730787579999287E+000, 7.5836956900548103E-001, 2.5776446501913597E-001, 9.9801425060377369E-002, 2.8917937659996369E+000, 1.4229945019999377E+000
 9.4533591550000438E+000, 8.5594533820005836E+000, 5.0359058150008877E+000, 1.0669243200027267E-001, 4.9670833699999548E+000, 7.8562303000194333E-001, 2.5702588211242983E-001, 9.9228428074184194E-002, 2.8685307309995096E+000, 1.4300944919987160E+000
 9.5164980880006169E+000, 8.6262816999994811E+000, 5.0253039839997200E+000, 1.0548763700103336E-001, 5.0407382650005275E+000, 8.4274095700152429E-001, 2.6252217016303803E-001, 1.0185944495651711E-001, 2.9300026480023007E+000, 1.4204864060022828E+000
 9.4518320830002267E+000, 8.5510707630003253E+000, 5.0230683479985601E+000, 1.0629693599958046E-001, 4.9610568239995700E+000, 7.8450202300427918E-001, 2.5779205104572611E-001, 9.9845398870002100E-002, 2.8807621190026111E+000, 1.4111563249991832E+000
