parcel merge (total),find nearest,build graphs,create comm,resolve graphs,MPI allreduce,SHMEM put,SHMEM get,SHMEM sync
 2.2533512629997858E+000, 1.9652410570006396E+000, 1.4860659590003706E+000, 0.0000000000000000E+000, 7.9269564899982470E-001, 1.2464808599656862E-001, 1.5342849018225024E-002, 1.1126797987799364E-002, 6.6781587099853823E-001
 2.2563562149991867E+000, 1.9703369620015110E+000, 1.4906171780010027E+000, 0.0000000000000000E+000, 7.9851751299906937E-001, 1.2433089000546715E-001, 1.5504044952876939E-002, 1.1099685015096838E-002, 6.7485039299890559E-001
 2.2414397420029673E+000, 1.9614264470014859E+000, 1.4829170859991336E+000, 0.0000000000000000E+000, 7.9389911299904270E-001, 1.2455342299995209E-001, 1.5437484067660989E-002, 1.1031554005512589E-002, 6.6997002600214728E-001
 2.2725440709998566E+000, 1.9847147489981580E+000, 1.4870126810010333E+000, 0.0000000000000000E+000, 8.2659695400116107E-001, 1.2586960300291139E-001, 1.5356784014102232E-002, 1.1166754983605642E-002, 7.0049771199796851E-001
 2.2483238330007680E+000, 1.9604773840005691E+000, 1.4832887660006691E+000, 0.0000000000000000E+000, 7.9231814899981146E-001, 1.2453306700263056E-001, 1.5587108936415461E-002, 1.1035426979105978E-002, 6.6811945400081640E-001
