parcel merge (total),find nearest,build graphs,create comm,resolve graphs,MPI allreduce,MPI RMA put,MPI RMA get,MPI RMA sync
 2.4783925724998653E+001, 2.2988030619999563E+001, 7.7488348269987455E+000, 1.0214427300002171E-001, 1.6616454953000357E+001, 3.4471711139951822E+000, 6.9446789020209962E+000, 2.8581796098699215E+000, 1.0443930816990360E+001
 2.4853618429999642E+001, 2.3063938036999161E+001, 7.7524656260006850E+000, 1.0211269800083755E-001, 1.6683100766000280E+001, 3.4508416569929068E+000, 6.9775549500866418E+000, 2.8714144440580185E+000, 1.0502960770998470E+001
 2.4829396091999342E+001, 2.3051446068000132E+001, 7.7860666799997489E+000, 1.0299317100088956E-001, 1.6657112139000901E+001, 3.4572986339990166E+000, 6.9534891890423296E+000, 2.8554212009794355E+000, 1.0478750903004538E+001
 2.4802136385998665E+001, 2.3023649758001511E+001, 7.8087839979984892E+000, 1.0204735599995729E-001, 1.6581631300000709E+001, 3.4403725050026424E+000, 6.9446901318463006E+000, 2.8529422740759856E+000, 1.0421492120993207E+001
 2.4856225471999096E+001, 2.3066562405000695E+001, 7.8409004640000148E+000, 1.0463182800071991E-001, 1.6663836145000232E+001, 3.4549267489974227E+000, 6.9585047861085059E+000, 2.8579161540351379E+000, 1.0487853473995983E+001
