parcel merge (total),find nearest,build graphs,create comm,resolve graphs,MPI allreduce,MPI RMA put,MPI RMA get,MPI RMA sync
 1.0625070346499865E+002, 1.0140403173499953E+002, 2.3270276859001342E+001, 2.7940700100157301E-001, 8.6744648964998760E+001, 1.8347252243001776E+001, 4.0923910935142658E+001, 1.6330038067920214E+001, 6.3823258352010043E+001
 1.0567062333400008E+002, 1.0084810274399842E+002, 2.2651927456003705E+001, 2.8490811400070015E-001, 8.6800756036000166E+001, 1.8361573686986958E+001, 4.0900546158017278E+001, 1.6314254553866249E+001, 6.3875398866000523E+001
 1.0680951931500022E+002, 1.0197749528300119E+002, 2.3972682319006253E+001, 2.8009003200031657E-001, 8.6583434183998179E+001, 1.8305679872990368E+001, 4.0926773374960703E+001, 1.6280256439883487E+001, 6.3696623701997396E+001
 1.0679940300900080E+002, 1.0198357642100063E+002, 2.3953489342999546E+001, 2.8140754599962747E-001, 8.6639013942000020E+001, 1.8313969135005209E+001, 4.1089630905224567E+001, 1.6359187776846738E+001, 6.3753216292999696E+001
 1.0616618100600090E+002, 1.0134118330700016E+002, 2.3352158409999788E+001, 2.8278196199994454E-001, 8.6634548708999887E+001, 1.8335169917001849E+001, 4.1046589280099852E+001, 1.6313395088932111E+001, 6.3708466144003296E+001
