parcel merge (total),find nearest,build graphs,create comm,resolve graphs,MPI allreduce,MPI P2P put,MPI P2P get,MPI P2P sync,MPI graph info
 1.2304203362999942E+001, 1.1680504157000314E+001, 4.9381391950009856E+000, 3.8352557700181933E-001, 9.6490648090009472E+000, 4.9038674699977491E+000, 4.2700721207074821E-001, 1.6570062901132587E-001, 5.3536943569990854E+000, 2.0222167680001348E+000
 1.2274057794000328E+001, 1.1655027562001578E+001, 4.9384518249985376E+000, 3.8170763799894303E-001, 9.6268006410009548E+000, 4.8749438259985709E+000, 4.2876016702712150E-001, 1.6694074100496437E-001, 5.3248930030033534E+000, 2.0206091269990338E+000
 1.2380523285000891E+001, 1.1761564288000045E+001, 5.0091173169989816E+000, 3.8915634100158059E-001, 9.6636651959988740E+000, 4.9176863590014364E+000, 4.2705015912406452E-001, 1.6630865718525456E-001, 5.3315560600181016E+000, 2.0160847129996000E+000
 1.2296319705999395E+001, 1.1679364309002267E+001, 4.9622065739995378E+000, 3.8305189999937284E-001, 9.6371104400036529E+000, 4.8796043349921092E+000, 4.2665537280709032E-001, 1.6642611902989302E-001, 5.3350013229651267E+000, 2.0205679140012762E+000
 1.2333560268000838E+001, 1.1714319192002677E+001, 4.9871643479996237E+000, 3.7098088299899246E-001, 9.6395760129989867E+000, 4.8615218200102390E+000, 4.2956255749322736E-001, 1.6720489999397614E-001, 5.3692782639841425E+000, 2.0232522319997770E+000
