parcel merge (total),find nearest,build graphs,create comm,resolve graphs,MPI allreduce,MPI RMA put,MPI RMA get,MPI RMA sync
 2.1830416216999311E+001, 2.1469173976001684E+001, 3.0751543790001961E+000, 0.0000000000000000E+000, 2.0430326042000843E+001, 4.5887540170019747E+000, 1.0004967999955852E+001, 3.8838288339409246E+000, 1.5842546673999095E+001
 2.1717291508000017E+001, 2.1359544308999148E+001, 2.9671768720006639E+000, 0.0000000000000000E+000, 2.0433638185998689E+001, 4.5875967359986589E+000, 1.0013318400159051E+001, 3.8823214330113842E+000, 1.5846846936998872E+001
 2.1718930957000111E+001, 2.1357305305000182E+001, 2.9877908230000685E+000, 0.0000000000000000E+000, 2.0406815250998761E+001, 4.5800501650039678E+000, 9.9898272180330423E+000, 3.8727890739560280E+000, 1.5827517327990108E+001
 2.1822921133999898E+001, 2.1460628562999545E+001, 3.0327399729997069E+000, 0.0000000000000000E+000, 2.0464876080998692E+001, 4.5946970439993038E+000, 1.0012009646093929E+001, 3.8820943759906186E+000, 1.5871486594992120E+001
 2.1692684605999148E+001, 2.1328806338001868E+001, 2.9530916250009795E+000, 0.0000000000000000E+000, 2.0413151507002340E+001, 4.5829025279988400E+000, 1.0003118129981203E+001, 3.8815747209512210E+000, 1.5831003523986737E+001
