parcel merge (total),find nearest,build graphs,create comm,resolve graphs,MPI allreduce,MPI P2P put,MPI P2P get,MPI P2P sync,MPI graph info
 1.2417385519997879E+000, 1.1643891319999966E+000, 6.1895053299872416E-001, 0.0000000000000000E+000, 9.2979652399981205E-001, 1.8926920299600170E-001, 3.1049230021153562E-002, 1.2948520965210264E-002, 4.4175554399816974E-001, 3.7355891100060035E-001
 1.2453497459980554E+000, 1.1675655129999996E+000, 6.2164471199957916E-001, 0.0000000000000000E+000, 9.2757548199938356E-001, 1.8690553699821066E-001, 3.0858965036941299E-002, 1.2881591991117602E-002, 4.4125873500388479E-001, 3.7375186499980373E-001
 1.2519561210010579E+000, 1.1740456179984449E+000, 6.2778929100090863E-001, 0.0000000000000000E+000, 9.2708459300047252E-001, 1.8741126199552127E-001, 3.1210215982127920E-002, 1.3000972997133431E-002, 4.4112319900409602E-001, 3.7376316599852544E-001
 1.2587788899998031E+000, 1.1809271789993545E+000, 6.3370141000041258E-001, 0.0000000000000000E+000, 9.2907561899914981E-001, 1.8627479399333424E-001, 3.1061357011594737E-002, 1.2815009977657610E-002, 4.4076691799364198E-001, 3.7329964799937443E-001
 1.2428074189997460E+000, 1.1674192310008493E+000, 6.2008279799988486E-001, 0.0000000000000000E+000, 9.2773342299938122E-001, 1.8793334999986655E-001, 3.1319704956104033E-002, 1.3011855998684041E-002, 4.4184289199210980E-001, 3.7351406400080123E-001
