parcel merge (total),find nearest,build graphs,create comm,resolve graphs,MPI allreduce,SHMEM put,SHMEM get,SHMEM sync
 9.8836261499923239E-001, 9.2462342700105182E-001, 6.0282511899845304E-001, 0.0000000000000000E+000, 7.3163236000004872E-001, 1.2241167100160055E-001, 2.2656105002852200E-002, 5.7312185947466787E-002, 6.1124741299704510E-001
 9.8626876599951174E-001, 9.2287178099900302E-001, 6.0100991199806231E-001, 0.0000000000000000E+000, 7.3169762100019398E-001, 1.2250587300263760E-001, 2.2629369015703560E-002, 5.7269831006806271E-002, 6.1170429400544890E-001
 9.8998903600090671E-001, 9.2638052799952675E-001, 6.0108278799953041E-001, 0.0000000000000000E+000, 7.3436192899998787E-001, 1.2282920099664807E-001, 2.2714673993505130E-002, 5.7380027973295000E-002, 6.1392701000067973E-001
 1.0109757390007417E+000, 9.4729694900070172E-001, 6.2215941499948713E-001, 0.0000000000000000E+000, 7.3452826299967455E-001, 1.2257861999842135E-001, 2.2740330032092970E-002, 5.7450398024002425E-002, 6.1424703600209796E-001
 1.0006330179992347E+000, 9.2707050700005311E-001, 6.0456783199992969E-001, 0.0000000000000000E+000, 7.3261827100031951E-001, 1.2291217700067136E-001, 2.2649755013389949E-002, 5.7311480044290875E-002, 6.1198916900548284E-001
