parcel merge (total),find nearest,build graphs,create comm,resolve graphs,MPI allreduce,MPI RMA put,MPI RMA get,MPI RMA sync
 1.5397338975999901E+001, 1.5284441410998852E+001, 1.1484722519994648E+000, 8.9103497999076353E-002, 1.4673563062001222E+001, 3.4984415569961129E+000, 5.4176031339950441E+000, 2.1541569120006443E+000, 1.1048878848995855E+001
 1.5431103556999687E+001, 1.5318941753999525E+001, 1.1810202600001958E+000, 8.9492317000122057E-002, 1.4674663864999729E+001, 3.4971964889980427E+000, 5.4174781540750701E+000, 2.1541610211461375E+000, 1.1051807689004818E+001
 1.5406490448999648E+001, 1.5293413531999704E+001, 1.1545133410011204E+000, 8.8160094999238936E-002, 1.4676995065000028E+001, 3.4989402510050240E+000, 5.4220676409092903E+000, 2.1557637949692889E+000, 1.1052226239000674E+001
 1.5381028361002791E+001, 1.5269256801998381E+001, 1.1409726920001049E+000, 8.8275749999866093E-002, 1.4666020246999324E+001, 3.4978730329985410E+000, 5.4178400789651278E+000, 2.1675472399390401E+000, 1.1042025406011362E+001
 1.5407686799998601E+001, 1.5296690801000977E+001, 1.1585040879983808E+000, 8.9523092999570508E-002, 1.4675778514001649E+001, 3.5000227599989557E+000, 5.4074313368992080E+000, 2.1554278470600821E+000, 1.1050219609002397E+001
