parcel merge (total),find nearest,build graphs,create comm,resolve graphs,MPI allreduce,MPI P2P put,MPI P2P get,MPI P2P sync,MPI graph info
 4.9220321211999817E+001, 4.3866466955001442E+001, 2.2449998648999781E+001, 3.1746513799930653E-001, 3.0635843418998320E+001, 6.1828997010013609E+000, 1.5986874529755823E+000, 6.1595147492812430E-001, 1.8040751992996547E+001, 9.8135737659986262E+000
 5.1149703979999231E+001, 4.5760609348000798E+001, 2.3591667846001656E+001, 3.1062473000110913E-001, 3.1443382763000955E+001, 6.8964366150066780E+000, 1.6096500638436737E+000, 6.1990544075933940E-001, 1.8067323460000352E+001, 9.8340351410001858E+000
 5.0709459954000067E+001, 4.5337755030999688E+001, 2.3862138697001228E+001, 3.1292395599621159E-001, 3.0760777083000903E+001, 6.3163069600077506E+000, 1.6040694017638089E+000, 6.1904799356534568E-001, 1.7866537400988364E+001, 9.7977902949983218E+000
 4.9565410829000029E+001, 4.4182179833997452E+001, 2.2743022822999592E+001, 3.1609774100024879E-001, 3.0736066583004231E+001, 6.3397618580015660E+000, 1.6066291850643211E+000, 6.1987323400444438E-001, 1.8115399775993410E+001, 9.8128352089966029E+000
 5.0314101578999725E+001, 4.4941359677999685E+001, 2.3113312797999868E+001, 3.1401011399987055E-001, 3.1067246582000280E+001, 6.5463920959996358E+000, 1.5916587070793184E+000, 6.1459428502098490E-001, 1.8242402437999203E+001, 9.8027524250001647E+000
