parcel merge (total),find nearest,build graphs,create comm,resolve graphs,MPI allreduce,MPI P2P put,MPI P2P get,MPI P2P sync,MPI graph info
 9.4343776919986340E+000, 8.9565401319996454E+000, 4.4245271320005486E+000, 2.0937178300209780E-001, 6.5222567760029051E+000, 2.2720813129999442E+000, 3.4173164590174565E-001, 1.3482535305956844E-001, 3.1966170020123172E+000, 2.0423469760012267E+000
 9.4336116099998435E+000, 8.9548833629992259E+000, 4.4091095379981198E+000, 2.1483871900318263E-001, 6.5495114830046077E+000, 2.2991652149939910E+000, 3.4139983000477514E-001, 1.3428585412975735E-001, 3.2043618189886729E+000, 2.0487527960012812E+000
 9.4732630650005376E+000, 8.9951893450024727E+000, 4.4345418829998380E+000, 2.1902324100165060E-001, 6.5400768249992325E+000, 2.2972978690013406E+000, 3.4168930901796557E-001, 1.3546476695546517E-001, 3.2090765889815884E+000, 2.0262791509994713E+000
 9.4287306260030164E+000, 8.9518896999984463E+000, 4.4142151820019535E+000, 2.1816231400089237E-001, 6.5231062579969148E+000, 2.2804376399981265E+000, 3.4320401613149443E-001, 1.3522477794049337E-001, 3.1978273049894597E+000, 2.0422965600005227E+000
 9.4793640199986839E+000, 8.9977552550008113E+000, 4.4419109950013080E+000, 2.1653039999864632E-001, 6.5672771089980415E+000, 2.3166645339942988E+000, 3.4217846459614520E-001, 1.3519962224108895E-001, 3.2251856890020463E+000, 2.0504704019972451E+000
