parcel merge (total),find nearest,build graphs,create comm,resolve graphs,MPI allreduce,MPI RMA put,MPI RMA get,MPI RMA sync
 1.0887057629986430E+000, 1.0589192250008637E+000, 3.0356562600059078E-001, 0.0000000000000000E+000, 7.5875630799941973E-001, 1.4024949299982836E-001, 3.6697787498519574E-001, 1.4870310001560938E-001, 4.3486552499712161E-001
 1.0615167469993594E+000, 1.0303692010004397E+000, 3.0490887099949759E-001, 0.0000000000000000E+000, 7.2851739999850906E-001, 1.4010541999800807E-001, 3.4241341100209866E-001, 1.4107019900052364E-001, 4.3439274700108399E-001
 1.0495866119999846E+000, 1.0195089410003675E+000, 2.9510421499912809E-001, 0.0000000000000000E+000, 7.2723055199867304E-001, 1.4002439100090669E-001, 3.4511028298857127E-001, 1.4185332699912578E-001, 4.3264910599577888E-001
 1.0614827180013435E+000, 1.0307346839981619E+000, 3.0275656999947387E-001, 0.0000000000000000E+000, 7.3190998299969579E-001, 1.4025349599978654E-001, 3.4263909799824432E-001, 1.4153805101091166E-001, 4.3494444400016619E-001
 1.0523519620005573E+000, 1.0219536090053225E+000, 2.9734168500090163E-001, 0.0000000000000000E+000, 7.2837044299785703E-001, 1.4170553599251434E-001, 3.4580906399150990E-001, 1.4255410798295998E-001, 4.3087896699535122E-001
