parcel merge (total),find nearest,build graphs,create comm,resolve graphs,MPI allreduce,MPI P2P put,MPI P2P get,MPI P2P sync,MPI graph info
 6.1504107330001716E+000, 6.0032121380031640E+000, 1.8930312299989964E+000, 2.1197541499896033E-001, 5.2455106349975722E+000, 3.5871914369972728E+000, 1.7011650798031042E-001, 6.8080385121447762E-002, 1.6736616770017463E+000, 8.4686258400142833E-001
 6.1366515610020542E+000, 5.9898368020030830E+000, 1.8977868899992245E+000, 2.0479003200171064E-001, 5.2270035730007294E+000, 3.5666728359988156E+000, 1.7372081118446658E-001, 6.9331607891854219E-002, 1.6744255840085316E+000, 8.4626176200526970E-001
 6.1158046069981538E+000, 5.9698779249997642E+000, 1.8936671269998442E+000, 2.0142301999885603E-001, 5.2114280110017717E+000, 3.5547344769984193E+000, 1.6797360784130433E-001, 6.7694296029912948E-002, 1.6750424980009484E+000, 8.4743894599841951E-001
 6.1317030300010629E+000, 5.9853385020019232E+000, 1.8950851399999920E+000, 1.9068272099730166E-001, 5.2264158000016323E+000, 3.5685068399984630E+000, 1.6777858895648023E-001, 6.7752151051081455E-002, 1.6740903820250423E+000, 8.4647593499767027E-001
 6.1545351150000016E+000, 6.0078713450000123E+000, 1.8970514090000279E+000, 1.9564749599994258E-001, 5.2467085130000441E+000, 3.5896509110000139E+000, 1.6899101899974767E-001, 6.8557763999052668E-002, 1.6755177089998696E+000, 8.4758173499998435E-001
