parcel merge (total),find nearest,build graphs,create comm,resolve graphs,MPI allreduce,MPI P2P put,MPI P2P get,MPI P2P sync,MPI graph info
 1.5757012209978711E+000, 1.3447003130011126E+000, 1.0725323910014595E+000, 0.0000000000000000E+000, 2.7575903800197921E-001, 2.7926912001021265E-002, 1.2721935003810358E-002, 6.2460170238409773E-003, 1.2199591300009160E-001, 3.9725776999603113E-002
 1.5221126080014074E+000, 1.2917228480009726E+000, 1.0234625209998285E+000, 0.0000000000000000E+000, 2.7393615900155055E-001, 2.7710067001407879E-002, 1.2787858050387513E-002, 6.2390409893851029E-003, 1.2245903700113558E-001, 3.8043833000301674E-002
 1.5245414109981539E+000, 1.2929836060004618E+000, 1.0227808770000593E+000, 0.0000000000000000E+000, 2.7358034599865277E-001, 2.8011025001205780E-002, 1.3257691931357840E-002, 6.2144849964624882E-003, 1.2222621799696753E-001, 3.7275725999734277E-002
 1.5312606699999378E+000, 1.2978324520001934E+000, 1.0282336819996090E+000, 0.0000000000000000E+000, 2.7290071800052829E-001, 2.7924056000983910E-002, 1.2618032987802508E-002, 6.1373539926989906E-003, 1.2268180199771450E-001, 3.8190858999314514E-002
 1.5305540769995787E+000, 1.2991668159993424E+000, 1.0301022679991547E+000, 0.0000000000000000E+000, 2.7268561700134342E-001, 2.7055445998485084E-002, 1.2710449982478167E-002, 6.1700049952833069E-003, 1.2265640699456526E-001, 3.9064419999704114E-002
