parcel merge (total),find nearest,build graphs,create comm,resolve graphs,MPI allreduce,MPI P2P put,MPI P2P get,MPI P2P sync,MPI graph info
 2.6038972249991730E+000, 2.4246080820000770E+000, 1.3490683539996553E+000, 1.0260529600054724E-001, 1.3185499360006361E+000, 4.1505349700332772E-001, 6.5566705067567455E-002, 2.7300003037225906E-002, 5.5971096200096326E-001, 3.4244691899903046E-001
 2.6129203390003113E+000, 2.4320256550010981E+000, 1.3504889059995548E+000, 1.0108673299805560E-001, 1.3285980519990517E+000, 4.2145707799636511E-001, 6.6240327978675850E-002, 2.7749358039045546E-002, 5.6027795699537819E-001, 3.4543322700119461E-001
 2.6320892329986236E+000, 2.4512375760023133E+000, 1.3526826170013919E+000, 1.0653522900156531E-001, 1.3476668019998215E+000, 4.3905794500415141E-001, 6.5527672152711602E-002, 2.7467424997666967E-002, 5.5809246200669804E-001, 3.4755306699798894E-001
 2.6350895389978177E+000, 2.4553798080046363E+000, 1.3533860350021314E+000, 1.0511230799875193E-001, 1.3500411510012782E+000, 4.3860365800219370E-001, 6.5466710801047157E-002, 2.7392707967464958E-002, 5.6644818398308416E-001, 3.4709239999756392E-001
 2.6232745740030623E+000, 2.4415296980009771E+000, 1.3600977550008793E+000, 1.1088833799931308E-001, 1.3278150179999102E+000, 4.2052642900216597E-001, 6.5922783001497010E-002, 2.7618334954240709E-002, 5.6122635600377180E-001, 3.4711959400146952E-001
