parcel merge (total),find nearest,build graphs,create comm,resolve graphs,MPI allreduce,MPI RMA put,MPI RMA get,MPI RMA sync
 9.8121805890009455E+000, 8.8813839569979791E+000, 4.3304378290008572E+000, 0.0000000000000000E+000, 4.9451383899981920E+000, 5.9309290999817676E-001, 2.6113544939439635E+000, 1.1210719909022373E+000, 2.2642309159969045E+000
 9.6689420899983816E+000, 8.7502425459988444E+000, 4.2526220869995086E+000, 0.0000000000000000E+000, 4.8860297509972952E+000, 5.9360583999477967E-001, 2.6088206351118970E+000, 1.1185008249553903E+000, 2.2132519260076151E+000
 9.7534545759986031E+000, 8.8267384340019817E+000, 4.3094548440012659E+000, 0.0000000000000000E+000, 4.9284870580008828E+000, 5.9642016199995851E-001, 2.5909801690722816E+000, 1.1149600641124380E+000, 2.2809773310036690E+000
 9.8987802609981372E+000, 8.9685264539980381E+000, 4.4057938620003370E+000, 0.0000000000000000E+000, 4.9418911649968322E+000, 5.9615937699436472E-001, 2.6141447290087854E+000, 1.1221724349593387E+000, 2.2940807339923595E+000
 9.6634574509999709E+000, 8.7445046500001240E+000, 4.2111238749999842E+000, 0.0000000000000000E+000, 4.8900051610000190E+000, 5.9512305300002311E-001, 2.6095322040025906E+000, 1.1186894080006198E+000, 2.2483810319995001E+000
