parcel merge (total),find nearest,build graphs,create comm,resolve graphs,MPI allreduce,MPI RMA put,MPI RMA get,MPI RMA sync
 3.5913847266000175E+001, 3.3816269621000174E+001, 1.0991177449998304E+001, 0.0000000000000000E+000, 2.9489506219998930E+001, 5.6946268200013037E+000, 1.1564858507774716E+001, 4.4962043100317715E+000, 2.3794309414996860E+001
 3.5700633239002855E+001, 3.3613879938999617E+001, 1.0987291352999819E+001, 0.0000000000000000E+000, 2.9276550134999979E+001, 5.6246067859960931E+000, 1.1371031802138532E+001, 4.4253850511909150E+000, 2.3651709793009104E+001
 3.5751117545003581E+001, 3.3664209347999986E+001, 1.0996027631999823E+001, 0.0000000000000000E+000, 2.9325841695000690E+001, 5.6440214010053751E+000, 1.1393705741934809E+001, 4.4672039397642038E+000, 2.3681418120001126E+001
 3.5726929858001313E+001, 3.3644511085998602E+001, 1.0987354998997944E+001, 0.0000000000000000E+000, 2.9311608193005213E+001, 5.6380400550065133E+000, 1.1420587371227612E+001, 4.4579922034017727E+000, 2.3673436952996326E+001
 3.5990769506999186E+001, 3.3898336487999131E+001, 1.1179203683000196E+001, 0.0000000000000000E+000, 2.9360696828001437E+001, 5.6390193729930616E+000, 1.1478154323997842E+001, 4.4448893270914596E+000, 2.3721418310999979E+001
