parcel merge (total),find nearest,build graphs,create comm,resolve graphs,MPI allreduce,MPI P2P put,MPI P2P get,MPI P2P sync,MPI graph info
 1.9955533228001514E+001, 1.7764578908998828E+001, 1.1017569703000618E+001, 0.0000000000000000E+000, 1.3631094840999140E+001, 8.9017024400300215E-001, 6.7757902403877779E-001, 2.6478922021783546E-001, 5.5227604870003688E+000, 7.7602027450002424E+000
 1.9962732418001451E+001, 1.7764760300000944E+001, 1.1015950597998653E+001, 0.0000000000000000E+000, 1.3641067809000560E+001, 8.8277964000417342E-001, 6.7949618056354666E-001, 2.6837839980998979E-001, 5.5214973150100377E+000, 7.7619159809978555E+000
 1.9970780538000781E+001, 1.7769283520999579E+001, 1.1022823664001407E+001, 0.0000000000000000E+000, 1.3627737146996878E+001, 8.7900958499039916E-001, 6.8425207278824018E-001, 2.7029979530334458E-001, 5.5387140690013439E+000, 7.7545629300011569E+000
 2.0006517640001675E+001, 1.7819666274001065E+001, 1.1056758145996810E+001, 0.0000000000000000E+000, 1.3647085987002356E+001, 8.6468683800285362E-001, 6.8190924011878451E-001, 2.6780033388968150E-001, 5.5420311440007026E+000, 7.7643386939989796E+000
 2.0038282022996555E+001, 1.7838089672999558E+001, 1.1019596084001023E+001, 0.0000000000000000E+000, 1.3703954408999380E+001, 9.1869443599625811E-001, 6.7623328457830212E-001, 2.6573588381006630E-001, 5.5904811190139299E+000, 7.7586177970015342E+000
