parcel merge (total),find nearest,build graphs,create comm,resolve graphs,MPI allreduce,MPI RMA put,MPI RMA get,MPI RMA sync
 1.0039526758100033E+002, 9.9217964700000380E+001, 1.1220630384999254E+001, 0.0000000000000000E+000, 9.6171670961999553E+001, 1.9703703702998496E+001, 3.7067671481903744E+001, 1.2624361325073096E+001, 7.6473589041999162E+001
 1.0028813616200000E+002, 9.9106142734000059E+001, 1.1209763457999316E+001, 0.0000000000000000E+000, 9.6082607552998979E+001, 1.9683602269994253E+001, 3.7225224698036300E+001, 1.2566949212091458E+001, 7.6404400461010255E+001
 1.0025609061100045E+002, 9.9081971976999057E+001, 1.1227688968000393E+001, 0.0000000000000000E+000, 9.6030508930999076E+001, 1.9647799821003900E+001, 3.7139996607214471E+001, 1.2493394255862086E+001, 7.6388028311011794E+001
 1.0025128728600339E+002, 9.9077012641997953E+001, 1.1291374093998456E+001, 0.0000000000000000E+000, 9.5965511735998007E+001, 1.9646357658999477E+001, 3.7277176711482753E+001, 1.2553177445769961E+001, 7.6324623887991493E+001
 1.0017331266900146E+002, 9.8994340516000193E+001, 1.1234065603001454E+001, 0.0000000000000000E+000, 9.5938333374000649E+001, 1.9627683096995042E+001, 3.7205174882493338E+001, 1.2497011175652005E+001, 7.6315372323002521E+001
