parcel merge (total),find nearest,build graphs,create comm,resolve graphs,MPI allreduce,MPI P2P put,MPI P2P get,MPI P2P sync,MPI graph info
 2.6871006249998572E+000, 2.5102262810003140E+000, 1.9647035949998326E+000, 2.5184327999966172E-001, 6.5400599199983844E-001, 2.8765051999926072E-001, 2.7713281982755689E-002, 1.2554815015505483E-002, 2.6931914399631296E-001, 1.0225993899996411E-001
 2.6852167310009918E+000, 2.5091889809995109E+000, 1.9547609880004302E+000, 2.3532045599961293E-001, 6.6391290700050831E-001, 2.9543141300007392E-001, 2.7765537989580480E-002, 1.2622807018601634E-002, 2.6534794000087913E-001, 1.0436578800010921E-001
 2.6742093609984749E+000, 2.4977903350011275E+000, 1.9690127420001318E+000, 2.4948861199914063E-001, 6.3771456199992826E-001, 2.7414881299955596E-001, 2.7882287051625099E-002, 1.2578805006569382E-002, 2.6285246200450274E-001, 1.0914598299928002E-001
 2.6779832599993370E+000, 2.5007976089998465E+000, 1.9803069820002293E+000, 2.5119988000074045E-001, 6.3182660499956000E-001, 2.6697491200434342E-001, 2.7637465002726458E-002, 1.2542274008183085E-002, 2.6054888599537662E-001, 1.0246661799988033E-001
 2.6771327920005206E+000, 2.4993846460004079E+000, 1.9631271870009641E+000, 2.4359111799935818E-001, 6.4219849299956877E-001, 2.7972340699716369E-001, 2.7552920047810403E-002, 1.2448772009975073E-002, 2.6141099299888992E-001, 1.0793750799848567E-001
