parcel merge (total),find nearest,build graphs,create comm,resolve graphs,MPI allreduce,MPI P2P put,MPI P2P get,MPI P2P sync,MPI graph info
 9.8513424199791189E-001, 9.3024139300155184E-001, 6.3867607800057158E-001, 1.5963874400040368E-001, 3.0846238299841389E-001, 1.4484670700289826E-001, 1.0178688002270064E-002, 5.0488870215303905E-003, 1.3356060599062403E-001, 2.4482113000431127E-002
 9.8201991000019007E-001, 9.2858590399941932E-001, 6.4034111999990273E-001, 1.5732046499988428E-001, 3.0521564100149590E-001, 1.4049206799927560E-001, 1.0266094015150884E-002, 5.0051769819674519E-003, 1.3314569499812023E-001, 2.5528080001322451E-002
 9.8639719400080139E-001, 9.3252859800350052E-001, 6.4458652200164579E-001, 1.6552998300403488E-001, 3.0487047199812878E-001, 1.4059655000164639E-001, 1.0041940974588215E-002, 5.0571279925861745E-003, 1.3340203499137715E-001, 2.5716906000070594E-002
 9.8126997700092033E-001, 9.2783366199864759E-001, 6.3967529700084924E-001, 1.7967215700036832E-001, 3.0478746399876400E-001, 1.4115746699599185E-001, 1.0265168009482295E-002, 5.0729159665934276E-003, 1.3356894999742508E-001, 2.5016695999966032E-002
 9.9122828700137688E-001, 9.3687422999983028E-001, 6.4267971599701923E-001, 1.6484654099940599E-001, 3.1099390899998980E-001, 1.4612578899232176E-001, 1.0230004029835982E-002, 5.0435219836799661E-003, 1.3399447699293887E-001, 2.5476668000919744E-002
