parcel merge (total),find nearest,build graphs,create comm,resolve graphs,MPI allreduce,MPI P2P put,MPI P2P get,MPI P2P sync,MPI graph info
 3.3402730860009342E+000, 3.0017203189986503E+000, 2.1288484519989197E+000, 7.0341634999977032E-002, 1.1072644070011393E+000, 1.3509582100095940E-001, 5.4747375983197344E-002, 2.2907716988584070E-002, 6.4516003199810257E-001, 3.0637822899984712E-001
 3.3351450179991389E+000, 2.9950541939992945E+000, 2.1297239250009170E+000, 6.7540338000071642E-002, 1.1023554100002002E+000, 1.3340398200080017E-001, 5.5074963993547499E-002, 2.3171670946567247E-002, 6.4078648899999280E-001, 3.0686987400031285E-001
 3.3316829360001066E+000, 2.9960518480015708E+000, 2.1292498389984758E+000, 7.0074222001721864E-002, 1.1039145600004758E+000, 1.3387112700161197E-001, 5.4947043018728436E-002, 2.2981692023449796E-002, 6.4154146700388992E-001, 3.0855830800032891E-001
 3.3290067739994811E+000, 2.9924298420005471E+000, 2.1265577239973936E+000, 7.0165453002573486E-002, 1.1019397090030907E+000, 1.3253594099614929E-001, 5.5066195998278999E-002, 2.2901449995970324E-002, 6.4463495300014984E-001, 3.0785564100051488E-001
 3.3399870179978279E+000, 3.0008544810016247E+000, 2.1364979369977846E+000, 6.7250065003008785E-002, 1.0987307239993243E+000, 1.3156379999190904E-001, 5.5360308035233174E-002, 2.2981383977366932E-002, 6.4115199800107803E-001, 3.0588659200066104E-001
