parcel merge (total),find nearest,build graphs,create comm,resolve graphs,MPI allreduce,MPI RMA put,MPI RMA get,MPI RMA sync
 5.7632472099985534E+000, 5.7108438220002427E+000, 6.7252238700166345E-001, 1.2745152299748952E-001, 5.2028631649995987E+000, 8.9475625799423142E-001, 2.1514486109736026E+000, 7.5631006601497575E-001, 4.2261155639926073E+000
 5.7873118269976658E+000, 5.7351417740001125E+000, 6.6884175600216622E-001, 1.3055825499986895E-001, 5.2304199739996875E+000, 8.9323033199707425E-001, 2.1449179961655318E+000, 7.5246261994834640E-001, 4.2560242790095799E+000
 5.8059985430022607E+000, 5.7538141620002534E+000, 6.7195360500090828E-001, 1.1790497000038158E-001, 5.2473181110012774E+000, 8.9438880699844958E-001, 2.1485985520193935E+000, 7.5431207200608696E-001, 4.2718048629958503E+000
 5.7863141590014493E+000, 5.7342084190013338E+000, 6.7305456800113461E-001, 1.3168189700309085E-001, 5.2260251360003167E+000, 8.9399734899734540E-001, 2.1470421920453191E+000, 7.5623584198456228E-001, 4.2507036250103738E+000
 5.7823897179987398E+000, 5.7302576840002075E+000, 6.7980479299922081E-001, 1.4130184099803955E-001, 5.2150232220019461E+000, 8.9272059999439080E-001, 2.1343748749486622E+000, 7.5356618895420979E-001, 4.2411519590004900E+000
