parcel merge (total),find nearest,build graphs,create comm,resolve graphs,MPI allreduce,MPI P2P put,MPI P2P get,MPI P2P sync,MPI graph info
 1.2038776641000368E+001, 9.6954735180001990E+000, 8.1211854449998100E+000, 1.2914222600011271E-001, 2.2083345279986588E+000, 3.1309240000496175E-001, 9.9353456052995170E-002, 4.7275415063495529E-002, 7.7021695299504245E-001, 5.8489630999929432E-001
 1.2347026694000306E+001, 1.0004892287002804E+001, 8.3887946790009664E+000, 1.3075021100166850E-001, 2.2673600500015709E+000, 3.1633933799912484E-001, 9.9668184926940739E-002, 4.7255724981368985E-002, 7.7361690199950317E-001, 6.1315645500053506E-001
 1.2094221547999950E+001, 9.7538172870031303E+000, 8.1778351320022011E+000, 1.3040976000183946E-001, 2.2471773189972737E+000, 3.2912586299516988E-001, 9.9001376121123030E-002, 4.7062122099760018E-002, 7.6664473700066083E-001, 5.9835234599813703E-001
 1.2181235520001337E+001, 9.8422445060004975E+000, 8.1995460079992881E+000, 1.2400652999895101E-001, 2.3086844149988792E+000, 3.4409701399545156E-001, 9.9728009905902582E-002, 4.7213661973273702E-002, 8.1656484001177887E-001, 5.9308938999902239E-001
 1.2093723909999426E+001, 9.7549430440008109E+000, 8.1701606210008322E+000, 1.3314840299926800E-001, 2.2612175619970003E+000, 3.0148282499658308E-001, 1.0004829389572478E-001, 4.7463815961236833E-002, 7.5623014200573380E-001, 6.4560662899975796E-001
