parcel merge (total),find nearest,build graphs,create comm,resolve graphs,MPI allreduce,MPI P2P put,MPI P2P get,MPI P2P sync,MPI graph info
 3.8999780350045512E+000, 3.7532451310034958E+000, 1.8511281019996204E+000, 0.0000000000000000E+000, 3.1803990799994608E+000, 1.5410266799954115E+000, 1.7007469988448065E-001, 6.7873634990974097E-002, 2.1561139259983975E+000, 1.2088909020017127E+000
 3.9000853539969285E+000, 3.7525102399990828E+000, 1.8490655849986979E+000, 0.0000000000000000E+000, 3.1813976429994000E+000, 1.5449861969850645E+000, 1.7058299075733885E-001, 6.7973131840062706E-002, 2.1560628789975453E+000, 1.2087344890001077E+000
 3.8961479509989658E+000, 3.7504486550010370E+000, 1.8531410930008860E+000, 0.0000000000000000E+000, 3.1760988990008627E+000, 1.5389078690018323E+000, 1.6987726674506121E-001, 6.7702927837672178E-002, 2.1550440820078620E+000, 1.2104253550005524E+000
 3.9136800249998487E+000, 3.7676696229973459E+000, 1.8494468150001921E+000, 0.0000000000000000E+000, 3.1956932430002780E+000, 1.5515325499927712E+000, 1.7018308906699531E-001, 6.7856143999051710E-002, 2.1563983540036133E+000, 1.2089281529988511E+000
 3.8896139559983567E+000, 3.7439423969990457E+000, 1.8474407539988533E+000, 0.0000000000000000E+000, 3.1743455919972803E+000, 1.5361148189981577E+000, 1.6976615893554481E-001, 6.7746548016657471E-002, 2.1551054680066954E+000, 1.2096688169986010E+000
