parcel merge (total),find nearest,build graphs,create comm,resolve graphs,MPI allreduce,MPI P2P put,MPI P2P get,MPI P2P sync,MPI graph info
 6.6555159930997434E+001, 6.0362188076000621E+001, 3.2340628161997756E+001, 0.0000000000000000E+000, 5.4823657210001784E+001, 1.1511052657999244E+001, 3.1720979841525150E+000, 1.2350825825933498E+000, 3.3630125715973918E+001, 2.6787958443997923E+001
 6.6513990623000609E+001, 6.0313750504001291E+001, 3.2447794598002019E+001, 0.0000000000000000E+000, 5.4676622833000692E+001, 1.1352165988999332E+001, 3.1294556350603671E+000, 1.2142380351574502E+000, 3.3519709215001512E+001, 2.6803762207997352E+001
 6.6925355759999547E+001, 6.0721108964999644E+001, 3.2677534474999334E+001, 0.0000000000000000E+000, 5.4843297847000258E+001, 1.1515826178998850E+001, 3.1221191809891025E+000, 1.2196509879996711E+000, 3.3455397208004342E+001, 2.6796204873000534E+001
 6.6440177994998976E+001, 6.0237588692999907E+001, 3.2257565652001631E+001, 0.0000000000000000E+000, 5.4766515409000931E+001, 1.1507009480995521E+001, 3.1593190791952566E+000, 1.2319134240660787E+000, 3.3546934383988855E+001, 2.6761642124000900E+001
 6.6399530327000775E+001, 6.0193054582998684E+001, 3.2420514129999219E+001, 0.0000000000000000E+000, 5.4594000359001029E+001, 1.1360245744002896E+001, 3.1302977440147970E+000, 1.2202464377380693E+000, 3.3424199860999124E+001, 2.6788952718000473E+001
