parcel merge (total),find nearest,build graphs,create comm,resolve graphs,MPI allreduce,MPI RMA put,MPI RMA get,MPI RMA sync
 2.0162665679997644E+000, 1.9630981689999771E+000, 6.3036961399916436E-001, 1.5757793699935974E-001, 1.3442350940001688E+000, 2.0640648800053896E-001, 6.6092317502898368E-001, 2.8140886798541942E-001, 6.9495234499731851E-001
 2.0212393329993574E+000, 1.9682569819976834E+000, 6.3431803000162290E-001, 1.6083804500021870E-001, 1.3457126259993402E+000, 2.0556347799879404E-001, 6.5669594197038350E-001, 2.7932039199208702E-001, 6.9295896800849732E-001
 1.9952613499986001E+000, 1.9423134389994630E+000, 6.3256388500076355E-001, 1.6298002100347730E-001, 1.3222732899989751E+000, 2.0104486599484517E-001, 6.3310193102688572E-001, 2.7168500498237336E-001, 6.7146059100105049E-001
 2.0205378310010929E+000, 1.9672615899980883E+000, 6.3580688400270446E-001, 1.6985947900275278E-001, 1.3432869559974279E+000, 2.0585804400298002E-001, 6.5851261098532632E-001, 2.7970787494814431E-001, 6.8557933501824664E-001
 2.0130322310014890E+000, 1.9601022859997101E+000, 6.2989859399840498E-001, 1.6628383000033864E-001, 1.3416723860036655E+000, 2.0543015299335821E-001, 6.5512361509627226E-001, 2.7889865802126224E-001, 6.9643669901552130E-001
