parcel merge (total),find nearest,build graphs,create comm,resolve graphs,MPI allreduce,MPI P2P put,MPI P2P get,MPI P2P sync,MPI graph info
 1.6241512549984236E+000, 1.3886836969993510E+000, 1.0495829149997462E+000, 4.7112509999351460E-002, 3.4453015300005063E-001, 9.2416643997694337E-002, 1.2665137006479199E-002, 6.2719029867821519E-003, 1.2949424799853659E-001, 4.0884280999534894E-002
 1.6195124969985955E+000, 1.3829479199982870E+000, 1.0449990530005380E+000, 4.4359062000921767E-002, 3.4251367700039737E-001, 9.1442735003511189E-002, 1.2661705958180391E-002, 6.2481130187279632E-003, 1.2692515100002311E-001, 4.0939672000149585E-002
 1.6123020239999732E+000, 1.3770819579999625E+000, 1.0436475949989017E+000, 4.7806486001036319E-002, 3.3974221999983456E-001, 9.1298566000205028E-002, 1.2928356984048150E-002, 6.2509170131761493E-003, 1.2513930300292486E-001, 3.9166871999213981E-002
 1.6218490139992809E+000, 1.3869317960015906E+000, 1.0536443300002247E+000, 4.4675432999156328E-002, 3.3839227400062555E-001, 9.0377886999476686E-002, 1.2881094004342231E-002, 6.2123189986778016E-003, 1.2328360300398344E-001, 3.8720368001122552E-002
 1.6281360240004688E+000, 1.3900988309997047E+000, 1.0522037599992018E+000, 4.7323119001021041E-002, 3.4503455499907432E-001, 9.2049542996619493E-002, 1.2775025008977536E-002, 6.2054860122771061E-003, 1.2691725400168252E-001, 4.1214511001044229E-002
