parcel merge (total),find nearest,build graphs,create comm,resolve graphs,MPI allreduce,MPI RMA put,MPI RMA get,MPI RMA sync
 8.3682689870006470E+000, 7.3265870720013027E+000, 3.8847811729992827E+000, 1.2963063299957867E-001, 3.4354125449992807E+000, 4.6654339099995923E-001, 1.8471979599562474E+000, 8.3865169300815978E-001, 1.4033102270007021E+000
 8.3418825280002693E+000, 7.3105692370013458E+000, 3.8733141220004654E+000, 1.2685808199989879E-001, 3.4270419630001925E+000, 4.6677833399962765E-001, 1.8546381939881940E+000, 8.3538009898802557E-001, 1.4172411839988399E+000
 8.3319682430021658E+000, 7.2970353840003099E+000, 3.8753018540000994E+000, 1.1897599699955208E-001, 3.4158598290014197E+000, 4.6276954899985867E-001, 1.8590600780285058E+000, 8.4477108698683878E-001, 1.3974074029949861E+000
 8.3174132979995647E+000, 7.2791986560002897E+000, 3.8711398990005819E+000, 1.1754201399799058E-001, 3.3970043020008234E+000, 4.6043285100199682E-001, 1.8655385629658667E+000, 8.3781694695449005E-001, 1.3765662370026348E+000
 8.4021123389991317E+000, 7.3642730730007315E+000, 3.9405258239996783E+000, 1.1747533199854843E-001, 3.4096085490009500E+000, 4.6625466500086077E-001, 1.8617756170399389E+000, 8.3824580701229934E-001, 1.3858113499998126E+000
