parcel merge (total),find nearest,build graphs,create comm,resolve graphs,MPI allreduce,MPI P2P put,MPI P2P get,MPI P2P sync,MPI graph info
 2.4105463460009560E+000, 2.3085335760006274E+000, 9.8468578899792192E-001, 1.3060166600234879E-001, 1.5729213859999618E+000, 9.3060252099712670E-001, 4.2457114035187260E-002, 1.7770304094483436E-002, 4.5601037300002645E-001, 2.5567741900204055E-001
 2.4016889610020371E+000, 2.2995906609994563E+000, 9.9425292200203330E-001, 1.2521359300080803E-001, 1.5559247059982226E+000, 9.1203476500686520E-001, 4.2554112925245136E-002, 1.7779688039354369E-002, 4.5454063799297728E-001, 2.5555386199766872E-001
 2.4180265419972784E+000, 2.3155702600024597E+000, 9.8976069000036659E-001, 1.3072588100021676E-001, 1.5755510320009307E+000, 9.3154232299275463E-001, 4.2364096046185296E-002, 1.7763754056886683E-002, 4.5412643898271199E-001, 2.5672025599942572E-001
 2.3985441770000762E+000, 2.2931879500010837E+000, 9.9334926799929235E-001, 1.2464368999872022E-001, 1.5500825440017252E+000, 9.0452252500654140E-001, 4.2505536125645449E-002, 1.7946522924376040E-002, 4.5620034599915016E-001, 2.5813903999915055E-001
 2.4039275719997022E+000, 2.3013177829989218E+000, 9.9252790500031551E-001, 1.3126101399893741E-001, 1.5590668500012725E+000, 9.1011759299999540E-001, 4.2821887897389388E-002, 1.7965394005841517E-002, 4.6005872100795386E-001, 2.6256296200108409E-001
