parcel merge (total),find nearest,build graphs,create comm,resolve graphs,MPI allreduce,MPI P2P put,MPI P2P get,MPI P2P sync,MPI graph info
 9.4339039099804722E-001, 8.3071503500036670E-001, 6.2065285100152323E-001, 0.0000000000000000E+000, 2.1367284300026768E-001, 3.6576789000264398E-002, 9.6548710089336964E-003, 4.8560709758476150E-003, 1.1395441400168238E-001, 2.6035194000314732E-002
 9.4583115599971279E-001, 8.3369533000063711E-001, 6.2500321299899042E-001, 0.0000000000000000E+000, 2.1341039399885631E-001, 3.5739035999995394E-002, 9.7649530046055588E-003, 4.9174670127740683E-003, 1.1323677199493432E-001, 2.6908976999720835E-002
 9.5223161500075548E-001, 8.3977278400061550E-001, 6.2750621700001830E-001, 0.0000000000000000E+000, 2.1710289800080318E-001, 3.6480086997471517E-002, 9.6888769649012829E-003, 4.9089070171248750E-003, 1.1449602800234970E-001, 2.8414695000492429E-002
 9.4188855499942292E-001, 8.2917682599918408E-001, 6.2016684900004293E-001, 0.0000000000000000E+000, 2.1275207900089299E-001, 3.5046545999875889E-002, 9.7788379766825528E-003, 4.8943020067326870E-003, 1.1214568200148278E-001, 2.6869357998066334E-002
 9.4909812299852092E-001, 8.3610924300046463E-001, 6.2473502999932862E-001, 0.0000000000000000E+000, 2.1533681899836665E-001, 3.5967714000207707E-002, 9.6998819849432039E-003, 4.8701639939281449E-003, 1.1394814800200948E-001, 2.6863194998213658E-002
