parcel merge (total),find nearest,build graphs,create comm,resolve graphs,MPI allreduce,MPI P2P put,MPI P2P get,MPI P2P sync,MPI graph info
 2.5764463451000154E+001, 2.4334389792000195E+001, 1.1267419020000261E+001, 0.0000000000000000E+000, 2.1990921343000196E+001, 1.0800272609999354E+001, 1.5014781289760890E+000, 5.7988349302672759E-001, 1.4672456973998692E+001, 7.6481732420007233E+000
 2.5712637575000144E+001, 2.4291900399000610E+001, 1.1268562771000006E+001, 0.0000000000000000E+000, 2.1946863475000782E+001, 1.0748128533999761E+001, 1.4970473309433601E+000, 5.7851388001313353E-001, 1.4662506442003860E+001, 7.6569500169996445E+000
 2.5730174678000822E+001, 2.4307500090000531E+001, 1.1261760179001158E+001, 0.0000000000000000E+000, 2.1963192834999973E+001, 1.0763228530995093E+001, 1.4980302040303286E+000, 5.8049103689859294E-001, 1.4677036172015050E+001, 7.6476923430004717E+000
 2.5696343638999679E+001, 2.4276271574998646E+001, 1.1241232096000658E+001, 0.0000000000000000E+000, 2.1953919339003733E+001, 1.0744683484991128E+001, 1.5089348038632124E+000, 5.8397062803169320E-001, 1.4669021528985922E+001, 7.6468308010012151E+000
 2.5696268941002018E+001, 2.4278511465996871E+001, 1.1273578430999351E+001, 0.0000000000000000E+000, 2.1926420941996184E+001, 1.0735524173993326E+001, 1.4897233145643440E+000, 5.7713189404421428E-001, 1.4677057112994589E+001, 7.6601954169982491E+000
