parcel merge (total),find nearest,build graphs,create comm,resolve graphs,MPI allreduce,MPI P2P put,MPI P2P get,MPI P2P sync,MPI graph info
 7.4553911099951620E-001, 6.9024327299894139E-001, 4.4444076499917173E-001, 1.1315643700049804E-001, 2.6043736399924455E-001, 1.0929507800233296E-001, 6.4231660051063955E-003, 3.1832890085752297E-003, 1.0888308400012647E-001, 2.8396029000305134E-002
 7.4137729700032651E-001, 6.8497254399949270E-001, 4.4367408099901695E-001, 1.0921153300000697E-001, 2.5639952100004848E-001, 1.0535790200151496E-001, 6.3331899712011364E-003, 3.2071450330022344E-003, 1.1081979600430714E-001, 2.8514725999912116E-002
 7.4921124900038194E-001, 6.9303353999953288E-001, 4.5277316899796460E-001, 1.0322391700083244E-001, 2.5623319199985417E-001, 1.0440221300018493E-001, 6.3714139982948836E-003, 3.1745500152737804E-003, 1.0872073899668067E-001, 2.9189086999622305E-002
 7.5192290799873263E-001, 6.9512658799976634E-001, 4.5124570999905700E-001, 1.0645092899903830E-001, 2.5861701399981030E-001, 1.0708670800272557E-001, 6.3778030134926667E-003, 3.2017900052778714E-003, 1.1003400199729185E-001, 2.9851094000605372E-002
 7.4650191300065671E-001, 6.9076787000199147E-001, 4.4840029100009815E-001, 1.0680360200080941E-001, 2.5727496400031669E-001, 1.0621214800062262E-001, 6.4146329602863261E-003, 3.2218290027685725E-003, 1.0983596499659143E-001, 2.9319789000737728E-002
