parcel merge (total),find nearest,build graphs,create comm,resolve graphs,MPI allreduce,MPI RMA put,MPI RMA get,MPI RMA sync
 2.4528106950003803E+000, 2.3488248089988701E+000, 8.1210263499951907E-001, 0.0000000000000000E+000, 1.5563928579997537E+000, 2.0062887699987186E-001, 8.7596175199928439E-001, 3.5132550600064860E-001, 6.1761369700116120E-001
 2.2625225909987421E+000, 2.1587834020001537E+000, 8.0928220899659209E-001, 0.0000000000000000E+000, 1.3701148070003910E+000, 2.0080755199956002E-001, 7.2501954399558599E-001, 3.1526138098752199E-001, 6.1180837500069174E-001
 2.2611207949971686E+000, 2.1578666579994206E+000, 8.1059114199842952E-001, 0.0000000000000000E+000, 1.3668268979995446E+000, 2.0152987799838229E-001, 7.2506820801208960E-001, 3.1413514896166816E-001, 6.1285195699701944E-001
 2.2644099720018858E+000, 2.1597790290038574E+000, 8.1283423099966967E-001, 0.0000000000000000E+000, 1.3671035489996939E+000, 2.0229855100387795E-001, 7.2056267098150784E-001, 3.1123996897667894E-001, 6.0955607398318534E-001
 2.2645445629991627E+000, 2.1610859769994022E+000, 8.1053676200008340E-001, 0.0000000000000000E+000, 1.3701115829994706E+000, 2.0186500700538090E-001, 7.2076276301095277E-001, 3.1262062098994647E-001, 6.1013375099992118E-001
