parcel merge (total),find nearest,build graphs,create comm,resolve graphs,MPI allreduce,MPI RMA put,MPI RMA get,MPI RMA sync
 2.0089048030029062E+000, 1.8976545140019425E+000, 6.1590152799931275E-001, 0.0000000000000000E+000, 1.2773462380012006E+000, 1.9943635999948128E-001, 7.7372050697022132E-001, 3.1107257501435015E-001, 5.6235046500023600E-001
 1.8260226249988136E+000, 1.7148444780011687E+000, 6.1755462200130751E-001, 0.0000000000000000E+000, 1.0930696539990095E+000, 1.9803817500178411E-001, 6.2598534300309439E-001, 2.7183734997220199E-001, 5.6617617199731285E-001
 1.8216237939998337E+000, 1.7101023650002389E+000, 6.1911233299679225E-001, 0.0000000000000000E+000, 1.0884164349984076E+000, 1.9791510100048981E-001, 6.1946963800596677E-001, 2.6949830299918176E-001, 5.6254802100261259E-001
 1.8379056329997638E+000, 1.7254269360000762E+000, 6.1774151200211236E-001, 0.0000000000000000E+000, 1.1049021139999695E+000, 1.9809636199829583E-001, 6.2834194403626498E-001, 2.7294407197837245E-001, 5.7624900499922660E-001
 1.8428144100000736E+000, 1.7305505559991161E+000, 6.2669324199850962E-001, 0.0000000000000000E+000, 1.1072959430007359E+000, 1.9858285599798364E-001, 6.2455170100906798E-001, 2.7312364499630348E-001, 5.7715198600044459E-001
