parcel merge (total),find nearest,build graphs,create comm,resolve graphs,MPI allreduce,MPI P2P put,MPI P2P get,MPI P2P sync,MPI graph info
 1.5917055370999037E+001, 1.5200772142000005E+001, 7.0298845730001176E+000, 0.0000000000000000E+000, 1.3320254999000213E+001, 9.2312483720012324E+000, 7.5296814601563256E-001, 2.9987641501611506E-001, 8.1562032879990056E+000, 4.2460606679998136E+000
 1.5900116259999322E+001, 1.5180830797001590E+001, 7.0532476090008913E+000, 0.0000000000000000E+000, 1.3286665811000148E+001, 9.1984588859959331E+000, 7.4448619097324809E-001, 2.9692613507495480E-001, 8.1505728899912810E+000, 4.2475798189993839E+000
 1.5920477596999945E+001, 1.5198834131001604E+001, 7.0578200919990195E+000, 0.0000000000000000E+000, 1.3301488285000687E+001, 9.2091839129998334E+000, 7.5820424995913527E-001, 3.0049899788468792E-001, 8.1712985079964255E+000, 4.2527768710008331E+000
 1.5902913409998746E+001, 1.5183607589000985E+001, 7.0292604769992977E+000, 0.0000000000000000E+000, 1.3305515210000522E+001, 9.2171679610082720E+000, 7.4667200938438327E-001, 2.9795390626213702E-001, 8.1614788459878582E+000, 4.2544985519994043E+000
 1.5875689511998189E+001, 1.5157384371998432E+001, 7.0280319230037094E+000, 0.0000000000000000E+000, 1.3285054415000559E+001, 9.1989761340005316E+000, 7.5908832294999229E-001, 3.0171439613150142E-001, 8.1716761750030855E+000, 4.2519644919971142E+000
