parcel merge (total),find nearest,build graphs,create comm,resolve graphs,MPI allreduce,MPI RMA put,MPI RMA get,MPI RMA sync
 1.9098063899991757E+000, 1.7978487090008457E+000, 6.3980865700182221E-001, 9.3975473000000420E-002, 1.1551540889981879E+000, 1.9501960499951565E-001, 6.1780514302290612E-001, 2.6799381701766833E-001, 6.2956231699854470E-001
 1.9140302929993140E+000, 1.8012657559988838E+000, 6.3672478700141255E-001, 9.5040248000486827E-002, 1.1605155929996727E+000, 1.9698942399782027E-001, 6.2515729998517600E-001, 2.7095737700210520E-001, 6.3374674199872061E-001
 1.9151837420004085E+000, 1.8033925720012576E+000, 6.3877250199993796E-001, 9.5989217000806093E-002, 1.1612507179997920E+000, 2.0132125800137146E-001, 6.2300014497373013E-001, 2.7058643201962695E-001, 6.2952200599488606E-001
 1.9058091540000532E+000, 1.7935261620007168E+000, 6.3889452799844548E-001, 9.4786852999959592E-002, 1.1524715220011785E+000, 1.9743716200196104E-001, 6.2090030902027138E-001, 2.7029141104094379E-001, 6.2637042699998347E-001
 1.9202719360005176E+000, 1.8078765810005279E+000, 6.4993621299799997E-001, 9.3577558001015859E-002, 1.1544362339991494E+000, 1.9539932300017426E-001, 6.1726769201709430E-001, 2.6641842998765242E-001, 6.2876677199960795E-001
