parcel merge (total),find nearest,build graphs,create comm,resolve graphs,MPI allreduce,MPI P2P put,MPI P2P get,MPI P2P sync,MPI graph info
 3.9796512832002009E+001, 3.6524325009999757E+001, 1.9250724295999134E+001, 3.8478774999930465E-001, 3.0352313482996578E+001, 9.7286848920007287E+000, 1.6798320883713131E+000, 6.6686309371698371E-001, 1.4483776588004275E+001, 1.2327987437001866E+001
 3.9954690363998907E+001, 3.6677393362998828E+001, 1.9485298725996017E+001, 3.7192423000078634E-001, 3.0243444710997210E+001, 9.5895284990015170E+000, 1.6780559655585421E+000, 6.6809548177525357E-001, 1.4412774712014652E+001, 1.2326454105002085E+001
 3.9570273963000119E+001, 3.6300060533000078E+001, 1.9151048365999742E+001, 3.8464667199994551E-001, 3.0207065132000082E+001, 9.5529965369996432E+000, 1.6799695330096256E+000, 6.6812878899813199E-001, 1.4424695008000185E+001, 1.2347647796999894E+001
 3.9560257908000381E+001, 3.6285431867999705E+001, 1.9153091625999309E+001, 3.9468229799945220E-001, 3.0196894347999887E+001, 9.5457986330025051E+000, 1.6760720500045636E+000, 6.6744026594460593E-001, 1.4453527275001306E+001, 1.2329149767000445E+001
 3.9621435588999930E+001, 3.6341316665999102E+001, 1.9152044489999980E+001, 3.8916844799973660E-001, 3.0230641198999365E+001, 9.5886340339948219E+000, 1.6775466990829955E+000, 6.6752800706126436E-001, 1.4431449158005080E+001, 1.2335769633000837E+001
