parcel merge (total),find nearest,build graphs,create comm,resolve graphs,MPI allreduce,MPI P2P put,MPI P2P get,MPI P2P sync,MPI graph info
 3.4485230969999954E+000, 3.2092795689999996E+000, 1.9060373120000129E+000, 2.9875888999999134E-001, 1.7400388739999855E+000, 8.8157971699997262E-001, 1.5144198000005105E-002, 6.3276709995534475E-003, 1.0205893660000100E+000, 4.1070966599998115E-001
