parcel merge (total),find nearest,build graphs,create comm,resolve graphs,MPI allreduce,SHMEM put,SHMEM get,SHMEM sync
 1.9386081560000079E+000, 1.7143616910000077E+000, 1.2201850750000460E+000, 0.0000000000000000E+000, 1.4309929599999904E+000, 1.6400514500003993E-001, 3.5309638999862614E-002, 8.0416795999710189E-002, 1.2707484270001430E+000
 1.9231677929999940E+000, 1.6975391439999754E+000, 1.2174239469999968E+000, 0.0000000000000000E+000, 1.4161957170000044E+000, 1.6341962300000645E-001, 2.2963214000114363E-002, 8.0583043999713055E-002, 1.2567292569999253E+000
 1.9230924690000002E+000, 1.6991386929999877E+000, 1.2205499559999886E+000, 0.0000000000000000E+000, 1.4158225859999760E+000, 1.6244624299996602E-001, 2.3068294998292771E-002, 7.9917543999723506E-002, 1.2573454039999632E+000
 1.9160874889999917E+000, 1.6929913299999910E+000, 1.2152076070000106E+000, 0.0000000000000000E+000, 1.4162642619999986E+000, 1.6234382399998992E-001, 2.3412189999376665E-002, 8.0151413000649541E-002, 1.2579186970000222E+000
 1.9163505180000158E+000, 1.6925409070000086E+000, 1.2146680400000136E+000, 0.0000000000000000E+000, 1.4157114330000056E+000, 1.6323497499995909E-001, 2.2145647001529767E-002, 8.0144315999511662E-002, 1.2562491909999807E+000
