parcel merge (total),find nearest,build graphs,create comm,resolve graphs,MPI allreduce,SHMEM put,SHMEM get,SHMEM sync
 7.8375592300002239E-001, 6.5180013200002662E-001, 4.6628164500000935E-001, 0.0000000000000000E+000, 2.5367413900001168E-001, 3.5701466000006121E-002, 3.2020041000073718E-002, 2.5075321999686651E-002, 1.5988033700008941E-001
 7.4746987299999645E-001, 6.2137580399999948E-001, 4.5523614599999007E-001, 0.0000000000000000E+000, 2.2727645900001292E-001, 3.5067823000012766E-002, 6.7288990001159732E-003, 2.4213005999950354E-002, 1.6022527500000550E-001
 7.5258627499999164E-001, 6.2163371399999789E-001, 4.6219278300001676E-001, 0.0000000000000000E+000, 2.2964785300000656E-001, 3.5129029000017908E-002, 6.6034699997530311E-003, 2.4240849000275233E-002, 1.6250779800001780E-001
 7.4442079300000330E-001, 6.1684291800000324E-001, 4.5651697099998856E-001, 0.0000000000000000E+000, 2.2717248499998632E-001, 3.5240336999972754E-002, 6.7102710002586718E-003, 2.4251661000114666E-002, 1.5943766499999512E-001
 7.4559865699998795E-001, 6.1922040999999339E-001, 4.5583715100001854E-001, 0.0000000000000000E+000, 2.2768406500001248E-001, 3.4854582000011902E-002, 6.6988869999313749E-003, 2.4855776000169527E-002, 1.6038752999995154E-001
