parcel merge (total),find nearest,build graphs,create comm,resolve graphs,MPI allreduce,SHMEM put,SHMEM get,SHMEM sync
 4.9885261909999912E+000, 3.8272530000000273E+000, 3.1406501279999759E+000, 0.0000000000000000E+000, 1.0113430630000195E+000, 8.8413235999958317E-002, 5.6484313001092801E-002, 7.6308900999634943E-002, 6.2618671299988904E-001
 4.9287928680000164E+000, 3.7628341849999956E+000, 3.1290970190000138E+000, 0.0000000000000000E+000, 9.6959902499999373E-001, 7.3340754000049913E-002, 2.6689017000116166E-002, 6.4155204000265087E-002, 6.1972983900002276E-001
 4.9542463280000177E+000, 3.7877200220000020E+000, 3.1524145310000051E+000, 0.0000000000000000E+000, 9.8016336199998477E-001, 7.2818655000006061E-002, 2.6363418999096666E-002, 6.4500374000381555E-002, 6.3146631599994407E-001
 4.9493244619999857E+000, 3.7671977389999753E+000, 3.1250731299999970E+000, 0.0000000000000000E+000, 9.7571326800001401E-001, 7.4314104000009706E-002, 2.6594518999786487E-002, 6.4666718999440320E-002, 6.2405049700002735E-001
 4.9409631579999882E+000, 3.7612364489999806E+000, 3.1167185350000111E+000, 0.0000000000000000E+000, 9.8061343800001310E-001, 7.6534561999942241E-002, 2.6119046999795614E-002, 6.4996342000121388E-002, 6.2730526600002179E-001
